drug name,PDOD score
0_0,-0.316770260202309
0_4,-0.19268212100026536
0_3,-0.35282561492534215
0_5,-0.0628550175200884
0_1,-0.27153398700302706
0_7,-0.1522213796979375
0_2,-0.23268838945122539
0_6,-0.07935099759220039
0_9,-0.26652052848360813
0_10,-0.36862063154119634
0_12,-0.2858869842168202
0_11,-0.26880197829798674
0_14,-0.2814473539944192
0_8,-0.21688480191269172
0_13,-0.3059117317402937
0_17,-0.09676155798874991
0_19,-0.1717513375393075
0_15,-0.3137627977416672
0_18,-0.12334271819898437
0_16,-0.08374178283591432
2_2,-0.20635938476049812
2_4,-0.08787218887937
1_5,-0.18475048369802377
2_6,-0.20729999091378273
2_1,-0.23964766738604065
2_0,-0.18652855874353416
1_7,-0.25283686918024134
1_0,-0.2093370797546388
2_9,-0.1479994795301104
2_10,-0.2284507086225794
2_7,-0.18524963956751284
2_19,-0.08712819245676837
2_5,-0.04237381844967088
1_6,-0.24299194985153327
2_3,-0.07309756658088705
2_8,-0.24075600955517096
1_11,-0.19559101665948106
1_2,-0.1787098777351143
2_11,-0.3253962475307591
2_15,-0.14985299705546604
3_0,-0.31053960832518795
1_3,-0.31892951272214065
2_12,-0.21315065072431708
2_13,-0.21301325471431587
1_10,-0.2274882224814348
1_13,-0.20393590481877313
2_16,-0.06417917479226591
1_9,-0.29461260360099856
1_1,-0.15009034018255257
1_8,-0.2143591051567294
2_14,-0.07463696360882867
2_17,-0.12276272237371032
2_18,-0.24235660032878903
1_12,-0.1996772496756514
1_15,-0.19080581255102616
3_8,-0.20667057656002902
1_18,-0.22373866130499176
1_4,-0.14020422201246352
3_4,-0.18681797805709263
1_16,-0.21792551141188682
3_2,-0.2300522602633446
3_7,-0.16542249675989598
3_3,-0.35059141864236437
3_1,-0.26978813225404746
1_14,-0.27485926998991095
3_9,-0.26652052848360813
1_17,-0.16705408849007036
3_5,-0.05035906866367214
3_13,-0.31983709248530184
1_19,-0.18598415254949377
3_14,-0.2820941452495682
3_6,-0.09142448225339171
3_12,-0.2902174486234416
4_0,-0.27163642835847696
4_3,-0.35282561492534215
3_11,-0.257296960296877
4_4,-0.2066927483220605
3_15,-0.3257799079046499
3_17,-0.10562362466848232
3_10,-0.37067812554843665
3_16,-0.07406270785917747
4_8,-0.22000555575696903
3_18,-0.12162083231145956
4_1,-0.27451035334203344
3_19,-0.15444779175548606
4_6,-0.08539313411626709
4_18,-0.13356312093982717
4_5,-0.06668214053532787
4_2,-0.24655856251362052
4_14,-0.2845803711933732
4_12,-0.2858869842168202
4_10,-0.37175364874015043
4_11,-0.26308831899948676
4_9,-0.2732634351743129
5_0,-0.13808010311082644
4_7,-0.14970121076100848
4_16,-0.08374178283591432
5_2,-0.2728239731423249
5_4,-0.1960745977819341
4_17,-0.09378519164974361
5_3,-0.1804003421593891
4_13,-0.30904474893924777
5_9,0.029810017827460317
4_15,-0.31577606114588197
5_6,-0.328797259951057
5_1,-0.3248862876417004
5_8,-0.28385349718917585
4_19,-0.168937302559091
5_10,-0.2141410824573713
5_15,-0.2530989168945179
5_11,-0.10076944443120076
5_13,-0.0696700834270101
5_14,-0.2133728462964105
5_5,-0.33360168309505317
5_12,-0.23720291582787792
5_7,-0.2462565647125933
5_16,-0.09245183427529208
5_18,-0.3292123005730365
5_17,-0.3053201380506952
5_19,-0.16122576041237613
7_2,-0.35758354673666803
7_1,-0.2224394870894821
7_0,-0.24188731319490178
7_3,-0.04602382955410786
6_5,-0.3583537609433103
7_6,-0.34857038203184143
7_7,-0.25059106341134385
7_9,-0.18383692109587205
6_3,-0.21676810862065063
6_1,-0.14150471798196812
6_4,-0.10481282667246339
7_4,-0.26634138251050116
7_5,-0.1619626360162346
7_10,-0.06833491437966077
7_8,-0.21259557643254168
6_2,-0.1812186387590841
7_16,-0.12886255218829076
7_15,-0.21590838015302893
6_8,-0.17010785229942757
7_11,-0.19543370109269026
7_17,-0.27355693556940525
7_12,-0.12401122562723861
6_14,-0.2666327648409521
7_19,-0.15260726887525075
7_14,-0.16928318549675692
6_9,-0.18794297150301648
8_3,-0.04602382955410786
7_13,-0.14604555253217028
8_0,-0.24188731319490178
6_0,-0.2227830586534323
8_6,-0.34857038203184143
8_7,-0.25059106341134385
6_18,-0.2156003460014274
6_19,-0.18264424243662442
6_11,-0.22006965245944568
8_8,-0.21259557643254168
7_18,-0.30431950214702713
8_9,-0.18383692109587205
8_2,-0.35758354673666803
6_6,-0.2601271774415965
6_16,-0.08334336197746996
8_4,-0.26634138251050116
6_13,-0.2176311350557139
8_1,-0.2224394870894821
6_10,-0.23867623731806067
8_10,-0.06833491437966077
8_5,-0.1619626360162346
8_15,-0.21590838015302893
8_13,-0.14604555253217028
8_11,-0.19543370109269026
6_7,-0.2489399419066182
9_0,-0.24188731319490178
9_6,-0.34857038203184143
6_15,-0.29616946445202835
8_17,-0.27355693556940525
8_12,-0.12401122562723861
6_12,-0.22289509965786777
9_2,-0.35758354673666803
9_1,-0.2224394870894821
8_19,-0.15260726887525075
8_14,-0.16928318549675692
6_17,-0.25451469472268357
9_4,-0.26634138251050116
9_5,-0.1619626360162346
9_9,-0.18383692109587205
9_11,-0.19543370109269026
9_15,-0.21590838015302893
8_18,-0.30431950214702713
9_3,-0.04602382955410786
8_16,-0.12886255218829076
9_7,-0.25059106341134385
9_8,-0.21259557643254168
9_10,-0.06833491437966077
9_14,-0.16928318549675692
10_2,-0.35758354673666803
10_1,-0.2224394870894821
10_4,-0.26634138251050116
9_19,-0.15260726887525075
10_0,-0.24188731319490178
9_13,-0.14604555253217028
9_17,-0.27355693556940525
10_6,-0.34857038203184143
9_12,-0.12401122562723861
10_7,-0.25059106341134385
9_18,-0.30431950214702713
10_12,-0.12401122562723861
10_11,-0.19543370109269026
10_3,-0.04602382955410786
10_8,-0.21259557643254168
10_9,-0.18383692109587205
10_13,-0.14604555253217028
10_5,-0.1619626360162346
9_16,-0.12886255218829076
11_2,-0.35758354673666803
10_15,-0.21590838015302893
10_19,-0.15260726887525075
10_14,-0.16928318549675692
10_17,-0.27355693556940525
10_16,-0.12886255218829076
11_1,-0.2224394870894821
10_10,-0.06833491437966077
11_4,-0.26634138251050116
11_7,-0.25059106341134385
11_0,-0.24188731319490178
11_6,-0.34857038203184143
11_3,-0.04602382955410786
11_14,-0.16928318549675692
11_12,-0.12401122562723861
11_8,-0.21259557643254168
11_5,-0.1619626360162346
11_13,-0.14604555253217028
11_10,-0.06833491437966077
11_19,-0.15260726887525075
10_18,-0.30431950214702713
11_16,-0.12886255218829076
11_9,-0.18383692109587205
11_11,-0.19543370109269026
12_0,-0.17496675451945654
12_2,-0.29031183100640845
12_1,-0.35550207076375584
12_4,-0.2139379884470887
11_15,-0.21590838015302893
11_17,-0.27355693556940525
12_3,-0.1861435414399748
11_18,-0.30431950214702713
12_7,-0.27642454426934693
12_10,-0.2146362634671911
12_6,-0.35802436318653935
12_14,-0.2188309417050548
12_5,-0.3532808699235329
12_12,-0.26187561762890843
12_8,-0.2974282362088989
12_16,-0.11350597077288957
12_11,-0.1155044893584522
12_9,0.00025233602053932304
13_0,-0.16974377800983517
12_15,-0.26323601244257316
13_2,-0.21198422981479978
12_13,-0.07725697751079928
12_18,-0.30206397098676235
12_19,-0.16299982098067076
13_5,-0.13556317028506573
13_4,-0.04277450830283035
13_1,-0.2750061307278731
13_3,-0.09244413786259952
13_6,-0.16311139402794206
12_17,-0.3263868433530898
13_8,-0.19058529280756345
13_11,-0.2366519732225728
13_10,-0.24704181062045358
13_9,-0.1742440992788421
13_7,-0.17533098194810529
13_12,-0.23125549886558475
13_14,-0.0969913230891942
13_13,-0.2440929739486594
13_16,-0.07919224031490686
13_19,-0.10854554796445888
13_18,-0.2699046985086688
13_17,-0.1111944508786526
13_15,-0.05146077903921166
15_1,-0.20418621454629077
14_2,-0.17807081931528307
14_0,-0.30245262227948155
14_4,-0.2511723753238372
15_2,-0.2164475471120451
15_6,-0.15441869264667568
14_5,-0.12961728578902262
14_11,-0.1483007564153094
14_6,-0.10844127903390523
15_9,-0.23055832708141913
15_11,-0.09374231165093504
15_0,-0.25750364901228623
14_7,-0.353831789953218
14_1,-0.273752841830422
15_3,-0.3255655901266674
15_12,-0.17853584174350431
15_10,-0.14879553465445727
15_5,-0.273123407162936
15_8,-0.21544807585090128
15_4,-0.1308201217846966
14_3,-0.11918326727808852
14_8,-0.2561203994085606
15_18,-0.26001898412275726
15_7,-0.35284516651289366
14_12,-0.23140950601253726
15_16,-0.1796624257575672
14_13,-0.3069131023985671
15_15,-0.19306803739414974
14_9,-0.21355888816460372
14_18,-0.13193024603453452
14_15,-0.18651841935199182
15_17,-0.12553613175838924
15_19,-0.26784465358773824
15_14,-0.06828861248855105
15_13,-0.15213912306198202
14_16,-0.2652594321630832
14_14,-0.2350796279174928
14_10,-0.19295843977059426
14_17,-0.30007149268177385
14_19,-0.22686263924262906
17_2,-0.33241160607346815
17_5,-0.3506701309784217
17_0,-0.15549217922973413
17_4,-0.19558949748897997
17_6,-0.36142151256622557
17_9,0.026849242219130213
17_3,-0.19596737305522496
16_11,-0.20154761639299276
16_5,-0.18585898181829233
16_3,-0.1830134783008115
17_1,-0.37038371556588023
16_1,-0.1567262939495745
17_13,-0.07680765925983939
17_7,-0.25672373845580865
17_10,-0.25104472017545976
17_15,-0.24484085697614424
16_9,-0.17976289967370024
16_0,-0.11584274269773313
16_8,-0.21995758230646018
17_8,-0.29390453412827344
16_4,-0.1720705413698233
17_14,-0.2342296032846043
16_2,-0.24980158908841535
17_12,-0.268267372955814
17_18,-0.35230395720444013
17_16,-0.09848531002393815
16_13,-0.1701380673708359
16_14,-0.16817840732591297
17_11,-0.11815833255171675
16_6,-0.20130777439976205
16_18,-0.14685740312235301
16_15,-0.19916427455319874
17_17,-0.30510904674826983
16_10,-0.14739546072170934
17_19,-0.1475093804508855
16_19,-0.15242710217349661
16_17,-0.2402101983430331
16_7,-0.2037224076052206
16_12,-0.1877105014971061
16_16,-0.15908759935173772
19_2,-0.2809056372389519
19_1,-0.3382576001278552
19_0,-0.13892985469743838
19_3,-0.15838766547100422
19_7,-0.23835317157622402
19_4,-0.17309272480301705
19_8,-0.261940503088858
19_6,-0.3258769279104582
19_17,-0.29620881938221044
19_5,-0.3380619524241773
19_14,-0.21093871616037685
19_10,-0.20879059367754907
19_9,0.03295352894508676
19_13,-0.07564224642325156
19_12,-0.2595309742233433
19_15,-0.2307366918699654
20_2,-0.11362998014895176
19_11,-0.09581369269741383
19_16,-0.1033646511625137
20_0,-0.19041364278399844
20_3,-0.09244413786259952
19_18,-0.3072451029576841
20_5,-0.13084231989713652
20_7,-0.12661324616625522
20_6,-0.1632199968034461
20_9,-0.18654157983462671
20_11,-0.21810433778669358
20_8,-0.19707278005944528
20_1,-0.3207203252149477
20_15,-0.08379876015453326
20_4,0.0006656194471147389
20_10,-0.2937739081654404
19_19,-0.16687807443077335
18_6,-0.14065887602903457
20_16,-0.08744420699340141
20_13,-0.22783643734274253
20_12,-0.1667917063870404
20_17,-0.07000033386589868
20_19,-0.11285015040274979
20_18,-0.2600196559664431
18_4,-0.129311137791241
18_3,-0.1703562251816979
20_14,-0.10141865575057157
18_7,-0.15734774641471005
18_14,-0.14933996313544223
18_10,-0.1705287301125507
18_1,-0.18038911985733716
18_2,-0.2254703014423626
18_17,-0.13838246764827222
18_13,-0.12740942016760046
18_5,-0.14981802547699166
18_11,-0.18406198014402572
18_9,-0.16235036142231218
18_15,-0.2058266192492615
18_12,-0.11664620264456926
18_0,-0.1572343453889005
18_8,-0.18836613412288233
18_18,-0.20994155543842483
18_19,-0.17381378127156627
21_8,-0.15392902260056954
21_11,-0.22350060842999517
18_16,-0.13890799013083427
21_9,-0.14551102407018135
21_3,-0.18979861832536246
21_0,-0.2738398465676186
21_4,-0.11501468105721256
21_6,-0.23661226352190723
21_7,-0.268544905741707
21_12,-0.18283182989711505
21_1,-0.10733082394477367
21_16,-0.09924302150612711
21_5,-0.34434567012059236
21_2,-0.17063480400871123
21_15,-0.24677588889527027
21_14,-0.22097752370483642
21_13,-0.2685309455189434
21_10,-0.2664073866725648
21_19,-0.2954964531239361
21_17,-0.19485393270450937
21_18,-0.2191871206751327
23_8,-0.1551218377354677
23_3,-0.1387544906745697
24_1,-0.3224156899019001
23_1,-0.09723652904707075
24_2,-0.26182449183841855
24_0,-0.13636693225031518
23_5,-0.2866526673563402
22_3,-0.2773827394141046
23_7,-0.17888401385508168
23_11,-0.17879844662118038
24_4,-0.1967096770329546
24_3,-0.1543735548838146
22_8,-0.18524328054978875
24_6,-0.31798285690437283
23_10,-0.2140913033423288
23_6,-0.22378551028448146
24_9,0.005661233692149484
23_9,-0.11464241535791407
24_5,-0.3382535793732626
23_15,-0.21938927466123884
22_2,-0.18014720157038117
24_8,-0.26878752212598
24_7,-0.23086106268381282
23_0,-0.2377160216407095
23_2,-0.13438303152201983
23_4,-0.09519111470596855
22_7,-0.232658779801667
23_13,-0.1972428050696735
24_10,-0.1925826179102097
22_0,-0.223115421136624
23_12,-0.18929593430780978
24_14,-0.20090947263403805
22_9,-0.3119315278727896
22_1,-0.1916940976554649
22_13,-0.2188494757778892
22_5,-0.3014089483190569
24_13,-0.06612356279602279
22_14,-0.22780325744404956
24_15,-0.2316469880170912
22_17,-0.26858659993074513
22_4,-0.17051298842739174
22_6,-0.12596622743394623
25_2,-0.15811203464485882
23_18,-0.16782157102207235
22_12,-0.18702709344740148
25_3,-0.11188684844716901
24_11,-0.09946577398746366
24_19,-0.16564878959504475
25_0,-0.1271280061434123
22_16,-0.150329644851856
24_17,-0.2770887190767196
22_18,-0.20388062900557144
24_16,-0.0964183453906951
24_12,-0.25069888276688895
25_6,-0.177284576968584
24_18,-0.32146075246553224
25_7,-0.03969766116969323
23_16,-0.12169513189797282
23_17,-0.16195965102421042
23_19,-0.23175286262739445
25_17,-0.10203128714605414
25_1,-0.035425159240142244
22_10,-0.1719068847368505
25_8,-0.0512298184136271
25_15,-0.08100252051020078
23_14,-0.21351106691238145
25_13,-0.1038013839949644
25_10,-0.14476278072136325
25_19,-0.05068496914921235
25_16,0.04691299154415173
22_19,-0.10644755185433895
25_9,-0.12687441604695085
25_11,-0.017729700925350707
25_14,-0.06203914143141763
25_18,-0.21589238619263953
22_15,-0.21514221889821808
25_5,-0.09051496196851659
22_11,-0.20531167370252804
25_4,-0.13612977276438265
25_12,-0.12627962240283402
26_7,-0.008467411669413909
26_2,-0.13479846894175548
26_4,-0.007555453905861226
26_0,-0.19850679121306228
26_10,-0.019856049039114036
26_1,-0.18203520458504147
26_5,-0.19105100967003125
26_9,-0.12154649503778608
26_6,-0.1830870347548821
26_11,-0.1352190345117603
26_13,-0.23998649368805183
26_3,-0.15942146077796107
26_8,-0.12214726469312363
26_16,-0.10129553795840869
26_17,-0.22084654901673123
26_19,-0.19321171122482944
26_14,-0.14814656079361235
27_0,-0.24710498434399283
26_18,-0.12212066180741395
27_3,-0.3175430797468871
26_15,-0.10972643809700731
27_6,-0.13874731472822818
26_12,-0.143726919150368
27_2,-0.20136990052237602
27_7,-0.34538276667273604
27_1,-0.20659288941698242
27_10,-0.1508329457001716
27_11,-0.10998943551307884
27_12,-0.14435333309735068
27_9,-0.22420840140322287
27_16,-0.18740766959865018
27_14,-0.08118367663857279
27_4,-0.1239904876533295
27_5,-0.2505805196508676
27_18,-0.2334510323410924
27_8,-0.23764628496520374
27_17,-0.09535318548314202
28_5,-0.09345121278171829
28_0,-0.14964321548444384
27_15,-0.18274524282349955
27_19,-0.2603611669462335
27_13,-0.1549685723136913
28_4,-0.11291283096731465
28_10,-0.1989645156866342
28_7,-0.11725545275132172
28_8,-0.20436933010382938
28_3,-0.1512922816969816
28_17,-0.22341371757833067
28_11,-0.058968352210782476
28_2,-0.16263433264870825
28_12,-0.17737695932558575
28_6,-0.207373014287982
28_1,-0.047848451709340475
28_14,-0.18408848733478195
28_9,-0.165724600182568
28_13,-0.1709294626117792
28_16,-0.2217354521341038
29_1,-0.25124071961753
29_3,-0.3475813679630068
29_0,-0.2346079276658463
29_5,-0.24970193532113935
28_18,-0.11380153446459297
29_6,-0.16674886603448874
29_8,-0.28407373493142946
29_13,-0.12307521264710318
28_15,-0.1955765798073304
29_16,-0.1262564668316241
29_11,-0.1841148265221313
29_9,-0.2533995036467396
28_19,-0.15836968746935087
29_10,0.00267579422092303
29_14,-0.09576907875115827
29_17,-0.20423601138121286
29_2,-0.1764468979744425
29_12,-0.18864471653166734
29_4,-0.14563514963029034
29_15,-0.2247040023464891
29_18,-0.24516772185354638
29_7,-0.31959286755175426
29_19,-0.22911185885106347
30_0,-0.17870201498223307
30_5,-0.0608421469766604
30_8,-0.23293308725811562
30_7,-0.23568701790788726
30_6,-0.1183488197845687
30_3,-0.13920266653892147
30_12,-0.16804621431465402
31_0,-0.22759380040883873
30_16,-0.13424936395554407
30_13,-0.12757079280645345
30_4,-0.07533044814089027
30_2,-0.0983238103151185
30_1,-0.2724644335944802
31_2,-0.17683486044563865
30_14,-0.07787804435082835
31_4,-0.10416621970717438
30_19,-0.10823448334137302
31_6,-0.22556869458855497
30_17,-0.11256958691342998
30_11,-0.20831040216512545
30_15,-0.14077154677751763
30_9,-0.15543874576558347
31_1,-0.16691138574893258
30_10,-0.22733123394785454
31_9,-0.07906043282028286
31_5,-0.1938715258418012
32_0,-0.10806067328020358
30_18,-0.20142306719686798
31_19,-0.09274510743382604
31_8,-0.09865638847060286
31_14,-0.17013379538944984
31_11,-0.04777032537924079
31_7,-0.12430966079612683
31_17,-0.16002747630312666
31_3,-0.05201694272905349
31_15,-0.047487905043635946
31_10,-0.12086459560971043
31_13,-0.13943025942710863
32_12,-0.028071030926125305
32_2,-0.07490693303108124
32_5,-0.12120849516848292
32_3,-0.046122256315074855
31_12,-0.08391548059064877
32_11,-0.08246995459795095
32_18,-0.04386039886039885
32_7,-0.06604883846976912
32_4,-0.07775732499284206
32_13,-0.0210493131658442
32_14,-0.05932270925917871
31_16,-0.17038299611225713
32_6,-0.059494255359580576
31_18,-0.05399321906922327
32_15,-0.0566802089571631
32_9,0.01375867673994053
32_19,-0.04557728094214474
32_10,-0.1359354657436114
32_8,-0.09590606154310966
32_1,-0.16612668198085895
32_17,-0.17263656284180262
32_16,-0.04885142412977325
33_1,-0.047848451709340475
33_2,-0.16263433264870825
33_0,-0.14964321548444384
33_8,-0.20436933010382938
33_5,-0.09345121278171829
33_3,-0.1512922816969816
33_11,-0.058968352210782476
33_7,-0.11725545275132172
33_12,-0.17737695932558575
33_6,-0.207373014287982
33_9,-0.165724600182568
33_10,-0.1989645156866342
33_4,-0.11291283096731465
33_16,-0.2217354521341038
33_15,-0.1955765798073304
33_13,-0.1709294626117792
33_17,-0.22341371757833067
33_19,-0.15836968746935087
33_14,-0.18408848733478195
33_18,-0.11380153446459297
35_0,-0.2555805720892093
35_3,-0.3191480248057263
35_9,-0.23506451230724887
35_6,-0.15150998976012417
35_8,-0.2085249989278244
35_2,-0.22335336361943176
35_7,-0.3301494230537963
35_1,-0.20418621454629077
35_10,-0.1470180160377021
35_13,-0.15925289231607156
35_4,-0.1308201217846966
35_15,-0.19306803739414974
35_11,-0.09374231165093504
35_5,-0.273123407162936
35_18,-0.2526841363682318
35_14,-0.06157951623884587
35_19,-0.2650916597735692
35_16,-0.180207297552439
35_17,-0.11023893256935412
35_12,-0.17853584174350431
36_3,-0.15395509647599817
37_4,-0.09332240323069275
36_1,-0.0918042670281984
36_4,-0.08072498904991783
36_0,-0.15487959899377068
36_14,-0.1884761445598068
36_16,-0.08866746252849422
36_7,-0.14930285176970587
36_12,-0.1955127677655688
37_2,-0.14572811181163517
37_3,-0.1891288800965764
36_19,-0.12396309071324897
36_2,-0.0598096997567598
36_6,-0.2002894307824421
37_8,-0.10858405199778733
36_17,-0.13679317147880965
36_9,-0.0923887158544986
36_5,-0.20096993003837899
36_8,-0.14547451620369742
36_11,-0.17563423679633347
36_18,-0.1699977879742306
36_15,-0.16200407413485163
36_10,-0.1391498545365399
36_13,-0.14328858344289624
37_1,-0.11846496216032941
37_5,-0.1967388655819573
37_9,-0.16700975964696038
37_0,-0.08983408352171576
37_11,-0.0714970235167405
37_13,-0.10243147335316308
37_6,-0.0988355022465797
37_7,-0.1458928181132605
37_10,-0.15395771562651442
37_12,-0.11368586406497196
37_15,-0.09313146784697038
37_14,-0.07960648208376375
37_16,-0.09635380699520205
38_3,-0.35036897761640046
38_6,-0.15623317242197332
38_4,-0.08090736474902617
38_1,-0.2110600649899061
38_10,0.003725206589976809
38_0,-0.2254389655833011
38_2,-0.1996788155347426
38_5,-0.23862832981555596
38_16,-0.13309919438737136
38_8,-0.29405959932759235
38_7,-0.31959286755175426
38_9,-0.24116343957516412
38_11,-0.19393635228656206
39_0,-0.30054273292291095
38_17,-0.20328632957579612
38_12,-0.1787741724733422
38_14,-0.11899569045086617
38_13,-0.13125863942200086
37_17,-0.1182472022796823
39_6,-0.09876423242639457
39_1,-0.28320198292202836
39_4,-0.17217866226094095
37_18,-0.16432353797482493
38_19,-0.2633950496932047
38_18,-0.18962196480716123
38_15,-0.2302570369095359
37_19,-0.11991182473421615
39_5,-0.05084466600225123
39_9,-0.26076313949919744
39_8,-0.23370657400622247
39_3,-0.34045256416083086
39_7,-0.1508986694633101
39_2,-0.2309177633483281
39_10,-0.3635492290644649
39_14,-0.27861566011982847
39_12,-0.29816225541152525
39_15,-0.28716066637348076
39_11,-0.2853695715680581
39_16,-0.07540420094380541
39_13,-0.31292066019060816
40_0,-0.1287189353115195
40_10,-0.20503146427569555
39_18,-0.18811997473945216
40_4,-0.18780407935860916
39_17,-0.1863028309012284
34_3,-0.21463638038766947
40_1,-0.33468066971782784
40_2,-0.26727398040140427
40_3,-0.1481344147119098
40_6,-0.31735103590850233
39_19,-0.19019832030011719
40_8,-0.2765576667060786
34_0,-0.2461324328799199
40_14,-0.20176017346821015
40_5,-0.33949657761847696
40_7,-0.24233807791704218
40_9,0.0034893512070838543
40_15,-0.25135532238060493
40_12,-0.24722537056950733
40_11,-0.08150713885754762
40_16,-0.08774998616588804
34_17,-0.21846070584691174
40_18,-0.32079383030322456
40_13,-0.07234522071870812
40_17,-0.267751239038038
40_19,-0.14359414685568975
41_3,-0.19142439863860902
41_8,-0.293089374015191
34_4,-0.20169662646617237
41_9,0.029810017827460317
41_2,-0.27794971800607804
41_0,-0.13808010311082644
41_6,-0.34254375251099145
41_4,-0.19782090403911873
41_5,-0.3392926439096963
34_10,-0.20430816054058695
34_16,-0.17765985531076903
41_10,-0.2141410824573713
41_1,-0.3248862876417004
41_14,-0.2133728462964105
41_7,-0.24658012462848072
41_11,-0.09857597105707126
41_13,-0.07790000830157764
41_12,-0.23720291582787792
34_6,-0.17394468210664168
41_18,-0.3292123005730365
41_15,-0.23692404758423352
34_7,-0.14740722483534402
41_17,-0.3053201380506952
41_19,-0.15611608396176863
34_19,-0.2044136276986531
41_16,-0.08933271106202036
34_5,-0.1980930638034787
34_1,-0.11854000323948202
34_14,-0.16122166985538114
34_2,-0.20841916077570946
34_9,-0.19149743678277725
34_12,-0.20544013471532777
34_8,-0.21411110692807817
34_13,-0.20873427092813215
34_11,-0.20276584666403444
34_15,-0.22788847876593324
34_18,-0.13481735962276806
44_1,-0.10176248135287981
43_3,-0.2503878015892635
44_2,-0.2030982404520484
44_0,-0.10960208940400235
44_5,-0.1950918043304224
44_4,-0.13477828704561087
44_3,-0.12217504962694589
44_7,-0.1988040232247142
43_8,-0.19925402932661143
43_9,-0.21907464954563116
43_5,-0.23023454430370785
43_2,-0.14806632131716427
43_4,-0.230582706325938
44_11,-0.1589654831729837
43_7,-0.16098380008204713
44_10,-0.10440783267602903
43_11,-0.16737335628471584
44_6,-0.2065591019062545
43_13,-0.2109182023161788
44_9,-0.18852258848056347
43_16,-0.20809144663223889
44_8,-0.23563065203194863
43_12,-0.21864736377501068
43_6,-0.2702736339373351
43_15,-0.1705017194007516
43_14,-0.24494485010068642
43_17,-0.1755804692621675
43_1,-0.23646784160556836
43_18,-0.22471917944979006
44_12,-0.1917144676337158
43_10,-0.32147088902717796
44_13,-0.1847379660282661
43_19,-0.22908228921854512
44_14,-0.16352480164018734
43_0,-0.3117902186808821
44_16,-0.14332713252815923
44_17,-0.204234292971772
44_15,-0.1590419239628451
44_18,-0.12103373213492527
44_19,-0.15068317208859072
45_7,-0.18364735334577828
45_3,-0.21315735715521247
45_8,-0.12904761643058926
45_1,-0.13146470034064942
45_2,-0.18007090139388032
45_12,-0.12710428527781265
45_13,-0.17984285760850227
45_0,-0.20293943706709955
45_14,-0.17945942679151367
46_2,-0.2106217723225045
45_6,-0.09551750920904692
45_5,-0.2488476567263342
45_11,-0.1915953916526461
45_10,-0.12312337001946272
45_16,-0.1490733175814687
45_9,-0.30970223162323973
45_19,-0.08113633113883094
45_17,-0.23281779677611195
46_1,-0.1343195883532126
45_4,-0.16140424095659633
46_11,-0.16756372485754195
46_3,-0.19090128506105897
46_6,-0.12026753911873658
46_10,-0.13451172701353353
45_15,-0.14600214177675272
45_18,-0.17057413034967095
46_5,-0.2335005078159922
46_8,-0.16230472085672693
46_4,-0.202375460829844
47_3,-0.06360613571220175
47_5,-0.10408723441041835
46_0,-0.23478590200620233
47_0,-0.2848097167787392
47_1,-0.12902297767779677
47_2,-0.049058955844182746
47_6,-0.20725639681469807
42_13,-0.1709585061858575
47_10,-0.2751839379171391
46_7,-0.21174066549638634
47_7,-0.16239999790978335
47_4,-0.07330818387134755
47_13,-0.018513346042473646
47_15,-0.08952170278146969
47_19,-0.14299505335140317
47_8,-0.18454697480169766
46_12,-0.16007483642737197
46_13,-0.17714245295922776
47_12,-0.2738938402165131
47_14,-0.13146359430245833
47_11,-0.21778846781555367
46_9,-0.26709219990121824
46_14,-0.17891262730887408
42_2,-0.15138017292805725
47_16,-0.14599890204157204
47_9,-0.24602579066805283
47_18,-0.16874352570732287
42_6,-0.21926527501771806
42_1,-0.14990944034719747
47_17,-0.158239014979713
42_15,-0.1661420233381644
42_11,-0.19893856948857805
42_5,-0.1861493949197358
42_4,-0.18797476663040993
42_3,-0.18770382521875512
46_16,-0.1655893664231745
42_10,-0.17432181058354826
48_1,-0.0955240834680723
46_15,-0.19138481731180032
48_11,-0.08812099442761107
42_8,-0.19646186365378077
48_2,-0.1202422963511155
48_5,-0.18734213126089277
42_19,-0.1606535125026469
48_0,-0.0981495882491997
48_16,-0.12499478490336574
48_4,-0.08698267732136486
42_0,-0.18353553641088183
42_16,-0.17680608867382258
48_18,-0.03496150731668631
48_6,-0.12151596709269824
42_9,-0.19904393141272564
48_12,-0.1666036992835782
42_14,-0.23547786956628708
48_13,-0.13286184044173255
48_17,-0.1461788803111337
48_3,-0.1208078209325248
48_8,-0.1783430772209488
42_7,-0.143591751999037
48_9,-0.08730536446821978
48_14,-0.14451247474451512
48_10,-0.1373793879021232
48_7,-0.1803455845656419
48_19,-0.20711226287587844
42_12,-0.13597284809749544
42_18,-0.16029355247370505
46_17,-0.1962668565610402
46_18,-0.163672316359299
48_15,-0.11700792946410923
42_17,-0.1417902372343883
46_19,-0.07337276912793378
50_3,-0.20592277742864754
50_0,-0.2845594263183812
50_5,-0.09530353274784585
50_8,-0.1507650418630912
50_9,-0.12645354469200124
50_13,-0.11077886790835056
50_1,-0.16808787454197674
50_2,-0.13362500640838593
50_6,-0.3678245031387928
50_12,-0.22840431187661817
50_4,-0.18490103523783713
50_10,-0.1561949854467979
50_14,-0.2683634404253018
50_18,-0.201799155560372
50_15,-0.27199188259466184
50_19,-0.16935098232694412
50_11,-0.25553299351121583
50_7,-0.22130822648886314
50_17,-0.18158686551131875
50_16,-0.11272960619742999
52_8,-0.2271383169481411
52_6,-0.20152946404259145
52_10,-0.17973663839693274
52_11,-0.16506237882673827
52_3,-0.12118604287764959
52_5,-0.1969295303480266
52_4,-0.199008579024682
52_1,-0.2194117283480303
52_2,-0.20018805210617985
52_12,-0.13535869326537858
52_13,-0.1677092767210164
52_7,-0.17152297682112688
52_0,-0.1947555835241267
51_2,-0.16200761070756414
52_14,-0.2504831436630432
51_3,-0.21648119652629982
51_1,-0.13542736361495142
51_5,-0.14852507792575076
51_6,-0.15069318664335138
52_9,-0.19704036943617043
51_12,-0.13230764717568225
51_0,-0.17900936126973033
51_7,-0.16357232842570912
51_14,-0.1987602337650392
53_1,-0.1386491707731477
51_8,-0.1836084274304699
53_0,-0.20554519202672175
51_9,-0.1523996601640643
51_4,-0.2037139375145715
53_6,-0.2278374666087066
51_13,-0.1985607855376813
53_4,-0.15822190768612085
49_15,-0.19520825901819322
51_11,-0.15947879777755278
51_10,-0.20896479933084847
49_0,-0.20517668420097138
49_12,-0.20231124163217223
53_2,-0.1715177799272925
53_3,-0.22390214801347394
51_16,-0.18410463552197015
49_2,-0.22773750122128436
49_3,-0.23413404330256374
51_15,-0.16937658772096104
52_15,-0.14002209030513105
53_7,-0.13125048296112132
49_1,-0.1953459207551964
52_16,-0.15495021520117153
53_5,-0.20072035958865084
51_17,-0.17000237542321864
52_19,-0.22590222497099138
53_11,-0.12522333573896588
53_8,-0.19724368845131937
49_18,-0.19381380628972686
49_8,-0.22267957653328832
53_10,-0.16792521707523597
53_9,-0.11609751993632471
53_12,-0.17537832790719726
52_18,-0.26364964688179116
52_17,-0.24629596980609278
53_14,-0.13019446202370716
53_15,-0.07793274442046477
49_4,-0.25058800537741865
49_14,-0.15643804305082484
51_18,-0.17371863292312914
49_16,-0.1628272288762885
51_19,-0.20235833088183994
49_19,-0.1757906670254095
49_7,-0.20008019395749263
49_10,-0.1644668324813462
49_13,-0.21238258574735533
53_17,-0.10476692065078258
53_18,-0.24660198189249025
53_19,-0.17244099028118304
49_5,-0.17446534353904464
49_6,-0.24958021009585066
53_16,-0.16995182813995624
49_17,-0.23282359189094362
49_9,-0.17452928273578353
54_0,-0.13903684216576048
54_4,-0.10059225236229286
53_13,-0.11386513608286576
54_6,-0.17320093707257786
54_2,-0.14268179811221054
54_16,-0.13456118961295357
54_15,-0.11665837160233987
54_5,-0.07635161323222094
49_11,-0.24581106341747144
54_1,-0.11297770908350986
54_11,-0.11257651617014201
54_14,-0.09243933614611567
54_8,-0.08857020738723329
54_10,-0.1320483528564927
54_3,-0.0943421735575973
54_7,-0.10836133162417934
54_13,-0.16391690450981172
54_18,-0.10929013303944686
55_11,-0.11257651617014201
54_9,-0.1094383406712611
54_19,-0.178449600916731
55_2,-0.14268179811221054
54_12,-0.14712079582498896
54_17,-0.2004520446556389
55_10,-0.1320483528564927
55_4,-0.10059225236229286
55_6,-0.17320093707257786
55_15,-0.11665837160233987
55_0,-0.13903684216576048
55_1,-0.11297770908350986
55_8,-0.08857020738723329
55_18,-0.10929013303944686
55_13,-0.16391690450981172
55_14,-0.09243933614611567
55_17,-0.2004520446556389
55_12,-0.14712079582498896
55_5,-0.07635161323222094
55_7,-0.10836133162417934
55_3,-0.0943421735575973
55_9,-0.1094383406712611
55_16,-0.13456118961295357
55_19,-0.178449600916731
56_8,-0.08037566564163048
58_1,0.011394879634757714
56_5,-0.055788225944063796
58_5,-0.13165150981976104
58_6,-0.207373014287982
58_4,-0.11291283096731465
56_14,-0.06728890055997325
58_2,-0.13456526618453982
58_0,-0.16286949123069558
56_12,-0.10339932587813952
56_0,-0.1405843395073553
56_9,-0.1522578878873916
58_7,-0.10591422962111613
58_9,-0.165724600182568
56_1,-0.13283251171648539
56_11,-0.12166304926835896
56_6,-0.13255775599994649
58_8,-0.20436933010382938
58_3,-0.15911460981134515
56_2,-0.09763811546864778
58_10,-0.1989645156866342
56_7,-0.0895123554138439
58_11,-0.04257439807638311
56_3,-0.09508205908148926
58_12,-0.18081185563312446
58_13,-0.1669543587912063
58_15,-0.18982076183726618
56_18,-0.09805488726457777
56_4,-0.05492276068509055
56_10,-0.10937676724291769
58_16,-0.22948473988339155
56_16,-0.12090454449813418
58_18,-0.10593779804806555
59_0,-0.26832247534578313
58_17,-0.1923853939304935
58_14,-0.1916144153107251
58_19,-0.15836968746935087
59_6,-0.1852193895023361
59_1,-0.20015310742104633
56_13,-0.14186428120738345
59_4,-0.0957062584769545
59_7,-0.34212298860844176
59_5,-0.28549278862958466
59_3,-0.3230139724724497
59_8,-0.2204189033150589
56_19,-0.14959455273011069
59_2,-0.19701175210832794
59_9,-0.18746851651645224
59_10,-0.11020701166745035
59_16,-0.19303667332056826
59_11,-0.10942599991105882
56_17,-0.08977394035907967
59_12,-0.2158609454893479
59_15,-0.17972731719642213
59_13,-0.15030451611747506
59_14,-0.08175194399888729
56_15,-0.14750935313522648
59_17,-0.07847326719276582
59_18,-0.2382517601511841
59_19,-0.2864221338945962
61_2,-0.21992833344272658
61_5,-0.273123407162936
61_7,-0.33008200208155986
61_6,-0.1835896626129718
61_0,-0.24391747761357033
61_3,-0.3165560222288713
61_8,-0.2061982987974673
61_9,-0.23506451230724887
61_1,-0.21973440357324614
61_10,-0.15838303850483437
61_4,-0.11574745589915174
61_13,-0.1654728265631737
61_11,-0.09476566598131267
61_12,-0.1700260179316867
61_16,-0.18554811562533957
57_11,-0.16877218210803968
57_1,-0.19575304639854718
61_15,-0.19306803739414974
57_8,-0.15482885545023853
61_14,-0.0656934422705767
60_2,-0.13621247744420292
60_7,-0.202365735283533
57_17,-0.12092872809775025
60_1,-0.2574148365950057
57_5,-0.129048039960264
61_18,-0.24560272000856917
62_0,-0.272024975587913
61_19,-0.2628235450447964
61_17,-0.11250704729812698
57_10,-0.14640393325845907
60_8,-0.1606217634255756
62_2,-0.2564469094280435
57_19,-0.1638950127255807
62_4,-0.09785970279273848
62_3,-0.1964804401136703
62_1,-0.19452250581609562
60_16,-0.19606377846373071
62_6,-0.11161734061694095
57_2,-0.132321832811663
62_5,-0.07509308355890647
60_0,-0.16680580315178653
60_3,-0.1784277044424054
62_8,-0.19305553597558928
62_7,-0.105874216472701
60_6,-0.1723082421036391
60_5,-0.196713633892746
60_13,-0.1797514343524387
57_12,-0.17506599339453294
60_11,-0.18843471767023637
57_9,-0.12667147275779217
60_4,-0.19581963442383268
62_10,-0.25701940055079325
60_14,-0.19539118784389345
60_17,-0.22026830969221897
57_7,-0.12096558415395038
62_17,-0.07961694966517929
60_10,-0.1843777678246204
62_14,-0.21427987994138592
60_12,-0.14794873237047546
57_3,-0.20068854925328622
57_13,-0.18481259335280056
62_12,-0.3461828939014884
57_15,-0.187919980923463
60_15,-0.13592929001626575
62_16,-0.13033825842142904
60_18,-0.16598989086747612
60_9,-0.15687686150124114
62_9,-0.2649447180485563
57_16,-0.1317461906199534
62_11,-0.17205685611116955
57_6,-0.17841781660473013
57_0,-0.13145313852469498
62_19,-0.2150555501252221
57_4,-0.20564202970459217
62_18,-0.16015960765220552
62_13,-0.25169884574452916
62_15,-0.058217222168824495
63_3,-0.21548144776605754
60_19,-0.1826979245662059
63_5,-0.21937622559274214
63_4,-0.2803817226990466
63_6,-0.196879504403062
63_14,-0.009084147978368158
63_13,-0.2214146919272728
57_18,-0.18076368044092392
64_0,-0.09934215986055851
63_11,-0.20009099208970232
63_19,-0.17091482495336124
63_9,-0.03930864768234958
63_0,-0.29602562339731914
63_2,-0.1543528181161433
64_2,-0.09935292117966031
64_5,-0.0056049418750202026
64_6,-0.05228277909912462
64_1,-0.09309720880574289
63_15,-0.09113643943951029
63_16,-0.31008921004489626
63_7,-0.12216848299128402
64_8,-0.07744795582401295
63_10,-0.13385426872970582
63_1,-0.22294540639655583
63_12,-0.10674107902691672
64_9,-0.14220279229049224
63_18,-0.15293452455336087
63_8,-0.13556227257334097
64_11,-0.12183883113066293
64_15,-0.04029764034768984
64_12,-0.14026166177615568
64_4,-0.2119408941533379
64_3,-0.06351667949397972
57_14,-0.18313338141899496
64_7,-0.10057589657309665
64_13,-0.062457143581974066
64_18,-0.01768981997793063
64_10,-0.06265656744631014
63_17,-0.162136621446406
64_17,-0.08105773396663211
64_14,-0.07952643183179452
64_19,-0.14782086242018033
65_1,-0.2955085132715714
65_3,-0.34945659722624245
65_0,-0.2990822846302888
65_5,-0.0478687322421582
64_16,-0.14609390605174752
65_9,-0.2717489860469834
65_6,-0.11530762854837534
65_2,-0.2409837340069886
65_7,-0.1492544340865171
65_12,-0.30465192048155565
65_10,-0.35135634150941564
65_11,-0.25404960127411486
65_15,-0.29816463771777957
65_4,-0.19599295215447937
65_8,-0.20857697189999344
65_13,-0.30932062883015565
65_18,-0.16871157764146877
65_16,-0.0757952583323409
65_14,-0.255274110069834
66_8,-0.06952736456151416
66_5,-0.11461636700014587
65_19,-0.16423786569743892
65_17,-0.11183573381988679
66_9,-0.0945899472713685
66_3,-0.0682241389218238
66_2,-0.09870033987701927
66_1,-0.13645456446709986
66_6,-0.11188413714111078
66_11,-0.05131914050438628
66_7,-0.0808079385693459
66_19,-0.15903472949357553
66_16,-0.10653628771588133
66_12,-0.11099579785124387
66_17,-0.10966324314602764
66_18,-0.10011081160692334
66_0,-0.06801916648750171
66_15,-0.1320785556550045
66_4,-0.11461469022617207
66_13,-0.1198397306653273
66_14,-0.1384282488375271
66_10,-0.1792940908595923
67_7,-0.07345339769943063
67_3,-0.10883457324662384
67_0,-0.07320091112273056
67_11,-0.05103580863753443
67_18,-0.10064341219959988
67_1,-0.1002679481883135
67_5,-0.08140385470749993
67_9,-0.07025040507651174
67_15,-0.11378277393043756
67_8,-0.12600403362326953
67_12,-0.05026809440946249
67_10,-0.0904490011076549
67_19,-0.1398241723653799
67_2,-0.12828799148125872
69_0,-0.10666533278804095
69_1,-0.10090651938524016
67_4,-0.13091693432678064
69_8,-0.0761744880055187
69_9,-0.1446396576109276
69_10,-0.049147316446983384
69_5,-0.13380830387019788
67_6,-0.10858683170072993
69_4,-0.11748308969821297
67_16,-0.08325277936429154
69_6,-0.060306210829709474
67_13,-0.13048024466803299
67_14,-0.13043337689701465
69_3,-0.08840460988157423
69_11,-0.0614611998789876
69_2,-0.1928929458374117
67_17,-0.03883763778369814
69_7,-0.12307427442528554
69_14,-0.09063547492055289
69_13,-0.034091285813415556
69_12,-0.0825995399281261
69_15,-0.08218485813906572
69_16,-0.14212819735469265
70_2,-0.06524958670405383
70_3,-0.08883384044053873
69_19,-0.09680604998855287
70_9,-0.08879768367877863
70_1,-0.1826641096989811
69_18,-0.1336516560652375
70_12,-0.07867255719199806
70_0,-0.07007600243598008
70_4,-0.12222697153554604
70_6,-0.13465255676848473
70_7,-0.11416796296574308
70_8,-0.08649321648817027
70_16,-0.1458540263048105
70_10,-0.14053796311798858
70_5,-0.0833539923823883
69_17,-0.08022813432709534
68_1,-0.19219221481785562
70_13,-0.12325058108854553
68_0,-0.13802568671454968
70_18,-0.08141447949640623
70_14,-0.09979230281587549
70_11,-0.05674846661188986
68_4,-0.1387340489567897
70_19,-0.10887440093097936
68_6,-0.07055163179312454
68_19,-0.09717633014348093
68_8,-0.11792031070900873
68_10,-0.154569396569205
70_15,-0.17627629671713926
71_9,-0.1144815500363984
68_3,-0.13763131221657307
68_13,-0.16874805749945726
70_17,-0.08943439449003028
71_7,-0.13892086177199423
71_2,-0.13161209642416502
71_10,-0.1239083141592935
71_0,-0.0730078188305606
68_12,-0.1815148168184013
71_6,-0.1198503436986523
71_3,-0.10466189608359852
68_7,-0.1595208606262324
68_2,-0.09069464917204255
68_14,-0.17412510083286958
68_5,-0.13539921199943655
71_1,-0.09529092215308341
68_17,-0.17468342419095936
71_8,-0.11633027233172745
71_4,-0.12586797648415066
72_10,-0.04146938346917413
71_18,-0.09240775008205888
68_16,-0.17540801323604796
68_15,-0.12113745833437857
71_17,-0.07762376675549479
71_5,-0.18656444565148567
68_11,-0.16440934605792223
68_18,-0.10237814634620046
68_9,-0.14958696202113356
71_11,-0.19782211906058633
71_15,-0.13588235299502222
71_13,-0.08875008120262178
72_7,-0.02897871212235499
71_12,-0.12840276318459268
72_0,-0.12074602235464817
72_2,-0.13436223384173906
72_15,-0.08492028150310345
72_5,-0.13729688830793924
71_14,-0.1498248922733652
71_16,-0.07623107415344625
72_6,-0.05963996133550792
72_8,-0.10053665401849515
72_3,-0.07278151896677075
72_1,-0.1189487663183671
72_9,-0.07133066541652686
71_19,-0.13157552585109117
72_17,-0.12076794341147896
72_4,-0.015470996708095486
72_12,-0.10534627569125049
72_19,-0.10814729409728896
72_11,-0.07932649018212984
72_18,-0.07524136470033278
72_13,-0.09591440996030222
72_16,-0.0818829017251522
72_14,-0.11945095718452887
74_2,-0.33762131200138573
74_0,-0.24074652396477947
74_5,-0.1402468779150034
74_1,-0.20250840635729142
74_8,-0.20548857929833225
74_10,-0.04941578567452025
74_9,-0.17698282916295632
74_3,-0.09252395658054248
74_4,-0.2760810381480424
74_12,-0.162208700303513
74_7,-0.22165208273235987
74_11,-0.1846937599869052
74_6,-0.3473710962339087
74_14,-0.17026448628472082
74_13,-0.15200232035478808
74_18,-0.32177217034027605
74_16,-0.1237799136850419
74_15,-0.23663932615384645
74_19,-0.1396875026644855
74_17,-0.2909848872420091
76_0,-0.2582690953339818
76_4,-0.2066927483220605
76_2,-0.23921664650706492
76_3,-0.35282561492534215
76_9,-0.2732634351743129
76_1,-0.27451035334203344
76_6,-0.09590467262873169
76_8,-0.21263608896609423
76_10,-0.36968553018556205
76_5,-0.041706388663510174
76_7,-0.1426383701558168
76_11,-0.26678969405513736
76_12,-0.2858869842168202
76_13,-0.30685836655326687
76_14,-0.2845803711933732
75_2,-0.16535477369467688
75_3,-0.21316197722472982
75_1,-0.24445904877934918
75_4,-0.12281652318932301
75_6,-0.18061113922307276
77_0,-0.2582690953339818
76_15,-0.29018478538652415
76_16,-0.07776933615513014
77_4,-0.2066927483220605
75_15,-0.16758172508731037
75_11,-0.20399397519812887
76_19,-0.15706609511116074
75_7,-0.1473968301291956
76_18,-0.12384688890235977
75_5,-0.20964117276064864
77_3,-0.35282561492534215
75_0,-0.1734474373014535
75_9,-0.17008839365899017
76_17,-0.0976448004564113
75_13,-0.18954556049235705
75_10,-0.16279121272805538
77_1,-0.27451035334203344
77_2,-0.23921664650706492
77_6,-0.09590467262873169
75_12,-0.20376412427635213
75_8,-0.13524969441017012
75_16,-0.09852481100798122
77_5,-0.041706388663510174
77_9,-0.2732634351743129
77_8,-0.21263608896609423
75_14,-0.15871131808127634
77_7,-0.1426383701558168
75_19,-0.24856613923553553
77_12,-0.2858869842168202
75_17,-0.18832953069188044
77_10,-0.36968553018556205
77_11,-0.26678969405513736
77_18,-0.12384688890235977
77_15,-0.29018478538652415
77_13,-0.30685836655326687
77_14,-0.2845803711933732
75_18,-0.141083241072304
77_16,-0.07776933615513014
77_17,-0.0976448004564113
77_19,-0.15706609511116074
78_11,-0.21256014896647968
78_1,-0.14486104324875734
78_12,-0.218177408916674
78_14,-0.2914546034829543
78_5,-0.20560367164726417
78_0,-0.17480269647798852
78_13,-0.20118765499287666
78_16,-0.205467021805169
78_3,-0.30692307213048753
78_8,-0.2334532324613112
78_6,-0.25072385396981967
78_2,-0.17844729220510605
78_7,-0.244515107288246
78_19,-0.2004692782402104
78_4,-0.1471003398401849
78_9,-0.30083786881987096
78_10,-0.21215152885959263
78_18,-0.22193113000701964
78_17,-0.17270110484431517
78_15,-0.20014793626964733
80_0,-0.13574141240724236
80_3,-0.17543129472673402
80_5,-0.310184690023528
80_1,-0.31185099039696007
80_2,-0.2629855770597722
80_9,0.007543930075854177
80_4,-0.1782334720635314
80_6,-0.2851177033611068
80_8,-0.27754542677296634
80_7,-0.20551584962495126
80_10,-0.22506140535935634
80_13,-0.0796174030142603
80_12,-0.2694425721406958
80_11,-0.1148554683666951
80_14,-0.21520876787058038
80_18,-0.32986460761633607
80_15,-0.23155274250333005
80_17,-0.3130559284668072
80_19,-0.18005762680184006
80_16,-0.09481046727744455
73_10,-0.14261959910649696
73_8,-0.1828678187927323
73_3,-0.2112423305530747
73_12,-0.22408858169890286
73_9,-0.23528042678199504
73_7,-0.22824306737451008
73_15,-0.16490628161730825
73_13,-0.2027357691467902
73_1,-0.17599854895700134
73_2,-0.20613093939101207
73_6,-0.15973605349885955
73_16,-0.20115523055581017
73_19,-0.15756009526244785
73_5,-0.186980224036063
73_4,-0.2187176079359433
73_0,-0.17050065231064315
73_14,-0.16935652673004978
73_18,-0.2376765242787294
73_17,-0.19760156986253422
81_0,-0.13063132981635242
81_5,-0.08539990088115205
81_3,-0.12252418971187722
73_11,-0.1793730431448544
81_4,-0.11982977917492296
81_1,-0.10868108435936416
81_6,-0.04993303647274512
81_8,-0.06239446587044581
81_10,-0.1574492191479933
81_2,-0.11778256535895834
81_7,-0.1123401527910676
81_9,-0.17419044712611018
81_17,-0.07673443255231414
81_12,-0.03567669196702832
81_16,-0.17391410001292876
81_15,-0.12325580187339436
81_11,-0.10267105764905735
81_14,-0.0910257126677687
81_18,-0.08153306209697453
81_19,-0.10018934500556802
83_0,-0.08037503114455181
82_5,-0.11404894494695851
81_13,-0.11589324561514051
82_2,-0.17942745281227737
83_1,-0.18219193952358695
82_14,-0.11901911455592236
82_3,-0.16677947378874097
82_0,-0.1580086971015293
82_6,-0.11277917122476784
82_9,-0.15043630152093523
82_4,-0.12591085234666963
82_1,-0.13344374808062345
83_3,-0.07194743387576433
82_8,-0.10741400639905352
83_5,-0.16373633767913445
82_11,-0.18669445465424764
82_12,-0.1440890215167407
83_7,-0.1743671023490881
83_2,-0.22331528436188827
82_13,-0.1726528767522214
83_4,-0.08284047199330968
83_6,-0.18202525496459804
82_10,-0.05136133776153427
82_17,-0.15303228236352448
83_8,-0.1853989706065592
83_11,-0.05769084061208429
82_18,-0.14819012353239458
83_12,-0.12173688247391069
82_7,-0.17321065618476955
82_16,-0.13144038668397393
83_10,-0.18144590666193489
83_9,-0.14092162164589642
83_14,-0.11598851792572996
83_13,-0.1956319466345493
82_15,-0.1411568992067864
82_19,-0.10500956107938633
83_15,-0.1956885825145677
83_18,-0.06240300736954668
83_19,-0.134848016517254
83_16,-0.10227798785883901
85_2,-0.17934040269270415
85_0,-0.3583379496315033
85_1,-0.10794820845557336
83_17,-0.14189480038518898
85_3,-0.041778414841352925
85_7,-0.304544452653925
85_5,-0.2428146706343639
85_4,-0.007461553187824408
85_9,-0.24302609098363434
85_6,-0.20087696966090432
85_8,-0.21421269503408802
85_10,-0.3542998124810293
85_11,-0.2121962622737577
85_12,-0.25786175018540086
85_16,-0.21310580602483237
85_13,-0.06143043119439705
85_15,-0.03586861245603227
85_17,-0.33303971339444444
85_14,-0.20714042238573518
85_19,-0.203886516418415
85_18,-0.0725594467874245
79_3,-0.1239282346630464
79_10,-0.11010580944054038
79_7,-0.1402296688232667
79_8,-0.13351745351332717
79_0,-0.140040128507716
79_5,-0.1455747584067966
79_4,-0.14250645386226093
79_2,-0.1556906444813873
84_5,-0.11278992858666217
84_3,-0.12605276825070635
79_9,-0.11260083990620075
84_1,-0.10922094656307417
79_12,-0.1736278322470527
79_1,-0.1590448539006385
84_19,-0.09003711126260174
84_4,-0.11303410405315063
84_12,-0.11621915692052547
84_15,-0.09790355524373927
87_0,-0.19581470415482227
84_2,-0.10486111480932253
84_8,-0.17165322122231538
84_11,-0.11606604376446156
79_11,-0.15502062288552518
84_18,-0.1446900717386603
79_16,-0.17392887109497063
87_2,-0.3685710839482313
79_15,-0.1615787304378649
79_13,-0.12669213689418188
87_3,-0.04755424209970748
84_7,-0.11387850690709761
84_16,-0.11701494018592387
87_1,-0.24364556079278057
84_14,-0.07118733761521591
84_6,-0.15151878505180416
79_6,-0.17015135180664204
87_5,-0.16863974687830918
87_4,-0.25735470143738276
87_7,-0.22675702195895506
84_10,-0.11329744299301335
84_13,-0.149668700223376
79_18,-0.13249604576055907
87_9,-0.1981263044129967
79_14,-0.16245565814304194
87_10,-0.0674484458875265
87_11,-0.20205040984314057
87_12,-0.1739314924141563
79_19,-0.1273790530884115
87_8,-0.23604666119447076
87_6,-0.3482876926722096
87_15,-0.22548913782140984
84_9,-0.08661755391446536
87_13,-0.12387729428282272
84_17,-0.10435487843064853
87_16,-0.1251471804406942
84_0,-0.12362296056904078
79_17,-0.14542667715755114
87_14,-0.18606809079227168
87_19,-0.1528750221549547
87_17,-0.26716806092622075
87_18,-0.2650425862171061
89_1,-0.11579275904924453
89_6,-0.12174594851951893
89_0,-0.13313504684334063
89_2,-0.0302741138797842
89_8,-0.12545498007369993
89_10,-0.1459704509478887
89_4,-0.14106638009907996
89_5,-0.1421576222796546
89_9,-0.10875632385215031
89_11,-0.0919992705795329
89_13,-0.09691940863620617
89_7,-0.13092190943400597
89_12,-0.12735689190523233
89_14,-0.1820426257672529
89_3,-0.16122617415769422
89_16,-0.08386287284577679
89_15,-0.07955993385084224
89_17,-0.08067730633483265
88_5,-0.12082895770819914
88_8,-0.15804803463890021
89_19,-0.1008557398936188
88_7,-0.12396714696605968
88_11,-0.1284181786350058
88_1,-0.1440367093143468
88_6,-0.12681576158441624
88_16,-0.14994312634083795
88_4,-0.07448782083593912
89_18,-0.12141986488191389
88_14,-0.19228066968219606
88_0,-0.14763818834351225
88_3,-0.14207742147379335
88_2,-0.17491169253331307
88_9,-0.06218405895585598
88_18,-0.12937214411889988
88_12,-0.1536554279294147
88_19,-0.11896482958364878
88_15,-0.15083947809670387
88_10,-0.16984026356706244
88_13,-0.16471950804190935
88_17,-0.2336141277516804
90_0,-0.23171976802529878
90_1,-0.21876882814820714
90_8,-0.21890700515262698
90_3,-0.16809545565433656
90_2,-0.26370683658676086
90_6,-0.20777895407005645
90_4,-0.20495716682975557
86_2,-0.11133355650413164
90_7,-0.1716169201775381
90_5,-0.25802789350904437
86_0,-0.1570843245609242
90_10,-0.14925669916870513
90_12,-0.22368732423964993
90_11,-0.2179629915169044
90_13,-0.1774563699400782
90_14,-0.18230440737539308
90_18,-0.24968409939602118
90_9,-0.17680475219051742
90_19,-0.1415331042296329
90_16,-0.15205560827221778
86_13,-0.1345297628352223
90_17,-0.20896564401247472
90_15,-0.19211789963279088
86_12,-0.15734593627679747
86_10,-0.127499885847694
86_11,-0.12519570186058274
92_3,-0.07695389741870982
86_4,-0.15675428329116187
92_0,-0.06471224163941076
86_15,-0.10884914824237052
86_17,-0.12166120276256934
86_3,-0.089728016024478
86_14,-0.12528130715525948
86_7,-0.11327940724516626
92_5,-0.15470729806810202
91_3,-0.17916124305877792
86_6,-0.10961034290653018
86_1,-0.14329167727378353
92_2,-0.19876688377951604
92_11,-0.13983587958766822
92_4,-0.15948478006045333
93_0,-0.059037774994299165
91_10,-0.136333247175619
86_5,-0.15194454062354143
91_9,-0.123184892967244
92_9,-0.10448786693213212
92_6,-0.16591325143426341
91_2,-0.13814699589273924
91_13,-0.111200974007825
91_0,-0.11704329981339462
92_13,-0.13432053582639913
92_8,-0.19147536087225134
93_6,-0.024477564709165556
91_7,-0.11428867940278317
91_6,-0.13308704151859033
93_1,-0.16187568354673096
92_10,-0.10494928768953811
92_1,-0.13140598068384596
92_15,-0.16081075654742288
93_5,0.0020928814393437094
91_11,-0.11980387790082642
92_7,-0.14071903783723405
93_4,-0.15299841437390174
86_8,-0.1434227677129084
93_3,-0.07649895186715731
91_8,-0.13012724735171344
93_2,-0.2176577619668704
93_14,-0.11982542893804594
91_12,-0.074081372824955
91_1,-0.1440096049981843
93_8,-0.06371772431087966
93_10,-0.09911917364568813
93_7,-0.06926144968887112
93_9,-0.04263266958418739
86_9,-0.12609445950253756
93_12,-0.11045819656219642
86_19,-0.13492243143906546
92_18,-0.08764329900035428
93_18,-0.07787130324241587
93_16,-0.010131825199402013
91_15,-0.16007020153737747
92_17,-0.14036341299666916
93_11,-0.06537091484980194
93_19,-0.1141178744587218
92_16,-0.05164954663194478
92_14,-0.18215814917507367
91_4,-0.08998607293258166
92_12,-0.1229904442877331
93_15,-0.06198936082681074
93_17,-0.1104958148545563
93_13,-0.10351167548699748
94_1,-0.3388917230723863
86_18,-0.12757410611458278
91_5,-0.08028532639429342
92_19,-0.16008290682541065
94_5,-0.3188007296194129
94_3,-0.17496895484599082
94_2,-0.27235673119478465
91_14,-0.1654151137544734
94_8,-0.29923318764212115
94_10,-0.22174694663478434
94_0,-0.15427513493894623
94_7,-0.22943047315182843
94_9,0.021714392185036888
94_4,-0.18360622087541026
91_16,-0.10468556591325881
94_6,-0.33671556584135137
86_16,-0.13756139184821692
94_14,-0.20838804173611217
94_13,-0.07857560932086538
94_12,-0.24706899510016045
95_1,-0.14519907581855523
95_11,-0.09330567852361088
94_15,-0.23567129119888047
95_2,-0.201371996585826
91_17,-0.14439619154876543
95_6,-0.11232354037832382
95_4,-0.17781615333019327
95_10,-0.04854808789081734
94_17,-0.30478905584146887
95_8,-0.061445291044766925
95_7,-0.12997369738923856
94_18,-0.3239695762212211
95_3,-0.18313437092328594
95_12,-0.0833620098063967
95_5,-0.061302383439838834
94_11,-0.11566354371375487
95_0,-0.1427260070047058
95_9,-0.1980572496542247
95_15,-0.16019875853836996
95_19,-0.04260990649754025
94_16,-0.0931424485946683
95_14,-0.2359830180318233
94_19,-0.15261520867279446
91_19,-0.1383996765700849
95_13,-0.24453692782505526
95_16,-0.16910861616339448
95_18,-0.19404929882881383
95_17,-0.1155492310285003
91_18,-0.12186215709945772
96_2,-0.3700303951810431
96_3,-0.05884766088857228
96_7,-0.23754250311255215
96_6,-0.3514898895691744
96_5,-0.15517074505441497
96_4,-0.2991084143517957
96_1,-0.21841348347536815
96_10,-0.04734949328581888
96_0,-0.2490442853258939
96_11,-0.19286532258122008
96_15,-0.22523759278010533
96_14,-0.19522098761701412
96_8,-0.20216480438767834
96_19,-0.10798038910450555
96_13,-0.1332156791761976
96_17,-0.2690454966320434
96_12,-0.1294265763358175
96_9,-0.18472189548425172
96_16,-0.13156483386607573
96_18,-0.2693929403697199
97_3,-0.24579048990835567
97_2,-0.16752487945248695
97_11,-0.18784731796336887
97_7,-0.12770129513292
97_0,-0.3143710061520105
97_1,-0.23142381547044572
97_19,-0.23206473122055218
97_8,-0.20730230715406592
97_5,-0.24075371602944806
97_6,-0.2614431920832867
97_16,-0.2172698708881284
97_10,-0.33211710050032606
97_15,-0.19777828963443161
97_14,-0.2292382704061757
97_12,-0.21537409516143846
97_18,-0.25239403549040645
97_13,-0.19479093759620006
97_4,-0.2091282898536294
97_17,-0.16086983440720937
97_9,-0.2150121098496853
98_4,-0.22678560794534752
98_7,-0.19375726807818375
98_19,-0.246100386448449
98_0,-0.18927281807699972
98_5,-0.13017022418706353
100_0,-0.12074618642183339
98_10,-0.21718869206682237
100_8,-0.15727900491343053
98_1,-0.19997691781240984
98_3,-0.1656915208076947
98_6,-0.24787280747089127
98_11,-0.19808306486836677
100_14,-0.06180394657596239
98_17,-0.20649149108285306
98_9,-0.24070940972698898
100_5,-0.07444766953859133
98_18,-0.23453986711489722
100_7,-0.09644246705487136
100_12,-0.13799785013665547
100_10,-0.16682384028516284
100_3,-0.10031684314096229
98_2,-0.1760343389174595
98_12,-0.22856271885028726
98_15,-0.20441783974139188
98_8,-0.23200348364852116
100_1,-0.10381381981275775
100_13,-0.07385539827972185
98_13,-0.16349482086765685
100_2,-0.11250938673909447
100_6,-0.15839249996853821
98_16,-0.1693412799023342
98_14,-0.22080372668265005
100_11,-0.0927288433855739
100_4,-0.14004665929157623
100_9,-0.1561800723756035
102_4,-0.11981001010102839
102_5,-0.12192185651487125
100_15,-0.11176301593801709
102_0,-0.11293991153173406
102_6,-0.19812407667617135
102_2,-0.09219515339660982
102_1,-0.14355417546278976
102_3,-0.19883711799945844
102_9,-0.007493527971725605
102_10,-0.08020755454760638
102_7,-0.1730889037918584
102_8,-0.08850651370051985
102_11,-0.027082174993015632
102_13,-0.1986237536537898
100_16,-0.1153318322856732
102_14,-0.09426856203692732
102_12,-0.057198313502783774
102_17,-0.1613701150312015
102_18,-0.020560803606203375
102_16,-0.14221169749772924
102_19,-0.030402205579020156
102_15,-0.002003176596421229
103_0,-0.03409620736058914
101_3,-0.05080934462961194
101_4,-0.1386617978786734
103_2,-0.08092126625512752
101_0,-0.11197783009236684
100_17,-0.09431176419569604
101_8,-0.06417404506548133
103_1,-0.12139699025223041
103_7,-0.08313453452785531
101_2,-0.14246709129219626
100_18,-0.09810976205826048
103_3,-0.14392060360124054
103_4,-0.16714055805879988
103_6,-0.21001003279086133
101_5,-0.18748917173842858
101_1,-0.0738220589369732
103_8,-0.12256032350191341
103_5,-0.15204811688587508
101_9,-0.1672394133393912
101_12,-0.061823134311405854
103_13,-0.1404868967336218
103_9,-0.058971095468245326
103_17,-0.054066371308428264
101_10,-0.11891383719675944
103_18,-0.15212679035807813
101_11,-0.1686615766344482
103_16,0.03753688258402801
103_12,-0.11315960845066786
101_7,-0.0809769128221449
103_10,-0.17196973017372302
103_15,-0.07818749497254333
101_6,-0.12634857501854302
100_19,-0.12464390819641424
103_11,-0.05858757712592318
103_14,-0.009463004453702356
103_19,-0.1232711229013045
104_0,-0.14092075646142627
104_3,-0.09689346279434592
101_15,-0.10936483329436081
101_16,-0.09130447345623174
101_14,-0.1716349413580858
104_4,-0.059687682237605476
104_1,-0.1837949486606054
104_2,-0.11105101729602336
101_19,-0.14282675507345557
104_5,-0.07407096287968185
105_0,-0.07767616513569757
104_8,-0.21870274357351766
101_13,-0.11278996684673306
104_6,-0.03748043633060698
101_18,-0.12014994646013269
104_11,-0.20079968506585968
105_3,-0.004100904450274066
104_9,-0.14957580817154817
104_12,-0.08540407145910672
104_16,-0.08540557206298498
104_10,-0.15247788123107456
104_7,-0.19424963845968088
105_2,-0.11144523712239944
101_17,-0.060252343272885915
104_19,-0.1653007920929188
104_13,-0.14022003340964279
104_14,-0.08946267298059231
104_18,-0.1484946373693969
105_10,-0.036507178770130724
104_17,-0.0973510602236352
105_8,0.013674299656603116
105_13,-0.09455009734417
104_15,-0.09639004918725833
105_4,-0.1309880925532989
105_1,-0.052255636022974984
105_5,-0.08479912776185994
105_7,-0.0973317052410556
105_17,-0.06924542245015246
105_16,-0.001836787769448482
105_9,-0.07895258471262902
105_6,-0.09057987240129352
105_15,-0.062103104267414305
105_11,0.02229393246035565
105_14,-0.0849926459557965
105_12,-0.05586572479854972
105_18,-0.0872613831384618
105_19,-0.0016483929736037497
106_5,-0.32613414507437777
107_4,-0.20697605584554254
107_0,-0.2585701095776814
107_3,-0.35282561492534215
106_2,-0.19004889118623525
107_5,-0.041706388663510174
107_7,-0.15129136098099577
107_1,-0.28182046822551005
106_7,-0.18583606823830395
107_2,-0.23526101171430566
107_6,-0.09590467262873169
106_6,-0.2016597561131503
106_0,-0.18247769891580315
106_1,-0.08819926752855987
107_11,-0.26678969405513736
106_11,-0.23758470750661598
107_9,-0.2579030237113797
107_8,-0.2126858340947616
106_3,-0.09496812456312748
107_12,-0.2858869842168202
106_15,-0.23084708230037912
107_10,-0.3773776575707284
106_19,-0.19532584027507563
106_8,-0.15249010045828074
106_10,-0.16359533230598686
106_17,-0.1278547568011895
107_13,-0.31278193601849125
106_4,-0.09665158615735861
106_13,-0.1055677560464546
106_12,-0.21636182121563163
107_14,-0.2845803711933732
106_9,-0.12304163669988671
106_18,-0.13396748395221975
106_16,-0.13792944424117726
106_14,-0.23553197975583112
107_15,-0.31702124498634027
107_18,-0.12384688890235977
107_19,-0.18030111362954415
107_17,-0.10237488811165903
107_16,-0.07776933615513014
109_1,-0.0775102198650777
109_7,-0.05600411468751922
109_5,-0.12477872233577982
109_2,-0.059297838889847417
109_6,-0.07293054857432175
109_3,-0.03313041028816809
109_10,-0.0792358007478675
109_9,-0.16237983759772723
109_8,0.0029973097663444008
109_14,-0.11360416287421614
109_4,-0.19372447813259847
109_0,-0.026524061879645847
109_13,-0.0882177960436628
109_11,-0.12931964324171166
109_12,-0.12268783483699647
109_15,-0.061243517785751246
109_16,-0.09792917871529973
109_19,-0.1138419244086399
109_17,-0.0472366089239558
109_18,-0.11297722992858684
110_8,-0.12507419558160074
110_9,-0.12800190631180308
110_5,-0.19859509104686685
110_6,-0.14216751048089415
110_1,-0.17104707932839747
110_3,-0.17450177969237352
110_0,-0.1681308463005994
110_11,-0.10916871813577309
110_7,-0.15110235207688033
110_2,-0.10446630254799653
110_4,-0.14997298519209956
110_10,-0.13318196473957644
108_6,-0.1704588084496561
110_13,-0.1429883948332762
110_14,-0.11286106314416604
110_12,-0.19049650033432422
108_3,-0.22902678381523617
108_5,-0.20229111018175724
108_7,-0.20288395089346659
108_13,-0.20543338001736483
108_0,-0.14965153142958865
108_10,-0.20572999656575772
108_12,-0.23912811239187362
108_14,-0.16493564546012376
108_4,-0.17282229451331133
108_1,-0.20401549432916238
108_2,-0.24003000986136105
108_19,-0.21411152690417667
108_9,-0.2094136814832922
111_0,-0.20838049458038044
111_4,-0.09848414717288846
108_11,-0.20239843239946817
111_1,-0.14785482343519374
108_15,-0.19746439316647252
110_19,-0.19013516813273712
108_18,-0.22477367346864988
108_8,-0.17639623618687694
110_15,-0.14658728698565912
112_0,-0.019488693095811856
112_6,-0.062165347023890476
110_17,-0.12151892710634048
112_4,-0.08847736715719198
112_3,-0.0778595586438531
111_5,-0.3498991902337003
112_1,-0.06632727115865673
112_9,-0.00035831942523397163
108_17,-0.2169833380523203
112_7,-0.04270435067824903
111_3,-0.19255361642877217
111_2,-0.18602533346617628
110_16,-0.1750587933424283
112_2,-0.0946460713548482
112_12,-0.03820682415168533
108_16,-0.20837212125804283
112_8,-0.04278200175064682
112_14,0.06495677018199245
112_10,-0.027460277019825754
112_13,-0.0021915287321964184
111_8,-0.1622047779929735
112_5,-0.12232339428318297
112_18,-0.027900640187342635
112_11,-0.10552799421035458
112_15,-0.10465021333893486
110_18,-0.1541346882883757
112_16,-0.08136570590172876
111_7,-0.24340785448176097
112_17,-0.03152588779403947
112_19,-0.020196304914774223
111_9,-0.15977855148675663
111_6,-0.25837941821451843
111_11,-0.20227556244303407
111_10,-0.24342758508376414
111_14,-0.24243798929061605
111_18,-0.20818140281885314
111_12,-0.22467728431940834
111_13,-0.2526752099884487
111_16,-0.09852150241904961
111_17,-0.2285539441513979
111_15,-0.28108479205100345
111_19,-0.20078959131125138
113_7,-0.24569734778237637
99_5,-0.20772401671528948
113_3,-0.159744240878727
113_12,-0.13699123142549904
113_0,-0.13604940207076138
113_6,-0.1454561394183897
113_16,-0.14085715133867194
113_9,-0.22941342392687242
113_2,-0.15154156762485022
113_8,-0.22366510781606574
113_4,-0.2621508056292271
113_14,-0.23485077915905375
113_18,-0.13556096233296555
113_5,-0.17720409266727405
113_13,-0.20571397796397858
113_11,-0.22863537126741398
113_1,-0.15708269132873587
113_17,-0.20827207213794918
113_10,-0.29954491191115223
113_19,-0.22163589892640628
113_15,-0.20828320122108576
99_9,-0.17613758354794495
115_0,-0.1287189353115195
115_3,-0.15630315514148133
115_2,-0.2577345150109124
99_1,-0.21169768491423188
115_4,-0.19795448301539015
99_11,-0.19768836878661628
115_6,-0.34796070008677893
115_7,-0.23919640238708254
115_10,-0.21395116268492156
115_1,-0.3099148219503665
115_9,0.014768084527000616
115_14,-0.2038615366972697
115_11,-0.09954302298213413
115_5,-0.30735542527840437
99_8,-0.2114009118423557
115_13,-0.07941467249587286
115_8,-0.2732301950074016
115_12,-0.2601699570258161
99_0,-0.14630658528318907
99_4,-0.21639098162439505
99_7,-0.16420058727854633
115_15,-0.23202796882797685
99_15,-0.18474007073730045
99_2,-0.21715893938114725
115_17,-0.25563359780620987
115_16,-0.08385054709517183
116_4,-0.18095093352951655
115_18,-0.319560535948413
116_1,-0.3742096371714988
116_2,-0.30218802837740694
99_12,-0.20873156952613045
115_19,-0.15425256029079942
116_0,-0.13963542495424228
99_10,-0.21585769431289917
99_18,-0.22636679455089817
99_3,-0.2109987150692784
116_5,-0.3614249689599665
116_10,-0.23081471674384413
116_3,-0.18615214591170848
116_6,-0.35594115347518435
116_8,-0.2920107518322052
116_9,0.006756767857431999
116_14,-0.23098402781423508
116_7,-0.2391070845257646
99_6,-0.1828043125075935
117_0,-0.2820655302900471
116_19,-0.19422816928806036
116_13,-0.10191159609182653
99_13,-0.17260465386181745
116_16,-0.10947386091111992
116_12,-0.26010748376187925
117_3,-0.1964425969679786
116_11,-0.13710893769891552
116_15,-0.2683922450792281
117_4,-0.08469223901079961
116_17,-0.3162855470609859
116_18,-0.3710791467789325
99_14,-0.17260004482485217
99_16,-0.18247996935315314
117_1,-0.22072219603564042
117_2,-0.24327973743731124
117_5,-0.03049556150126352
117_8,-0.19259766060861275
117_7,-0.12233335863485793
117_10,-0.198393913189639
117_6,-0.08221162761130092
117_11,-0.13938669792599223
117_15,-0.05972019997176162
117_17,-0.08541887276709709
119_0,-0.0691407579931505
117_9,-0.2581243256582708
117_18,-0.15638245773555023
117_16,-0.13904138278304431
119_2,-0.0032756890750808548
117_12,-0.3398018835309969
117_14,-0.25477019321257316
117_13,-0.24646525996684124
119_4,-0.006387768639332606
117_19,-0.20956463343425702
119_1,-0.05556657673080744
119_5,-0.022726699985505295
119_3,-0.006033201486230274
119_10,0.016917879417879415
99_17,-0.1438806336525253
119_9,-0.020399922221383
119_8,0.0194365967681889
119_12,-0.08923460054168289
114_5,-0.15348469381810634
119_17,-0.013518979592003665
119_13,-0.0244529832222156
119_11,-0.046683214554796244
119_14,-0.031425810191564624
114_1,-0.16950239233520403
119_15,-0.02807194254843136
119_18,-0.06728635998501327
119_7,-0.06504900280150049
114_6,-0.13642402960670622
119_19,-0.05302008505487295
119_16,-0.05401334445246367
118_0,-0.17921164932305117
118_1,-0.06271380237917022
119_6,-0.07700523224899294
118_4,-0.13744734022310254
99_19,-0.16541884728954384
114_4,-0.16336941159699106
118_2,-0.1155739947492343
118_8,-0.19038543807732577
118_6,-0.12119126855606983
114_7,-0.12332807614740098
118_3,-0.1810805559598305
118_7,-0.13046993027541337
118_15,-0.08964040785557019
118_14,-0.184308561320341
118_5,-0.22147590961043703
118_13,-0.09029402413362193
118_11,-0.10058985535730267
118_9,-0.12010928930674364
114_8,-0.1624142346440311
114_3,-0.1831650895766934
114_0,-0.189216251600305
118_17,-0.0801087772339907
114_2,-0.11822528419334069
118_12,-0.17212128070526575
114_9,-0.17281670090875526
118_10,-0.1654383529459403
114_10,-0.13061975947278673
118_18,-0.195890358970848
114_13,-0.14598912479116288
118_16,-0.19349302358107495
114_14,-0.1315425181058415
118_19,-0.18274748057043683
114_11,-0.17006164375682373
114_18,-0.12356241024966755
114_12,-0.15872371172584754
121_3,-0.2284041765976701
121_0,-0.1900791720119405
121_4,-0.05981605182338792
121_9,-0.1885794015756465
114_15,-0.17065901609754613
121_6,-0.03126883908497478
121_2,-0.214470215618592
121_8,-0.28544396950952544
121_5,-0.08170551159469515
114_17,-0.12266685980945602
121_7,-0.13915911926302113
121_11,-0.22489791697367423
121_14,-0.24973701247695723
121_17,-0.06783069028095991
121_12,-0.29281916028551586
121_1,-0.22447185248633902
121_10,-0.20157530087635125
121_15,-0.0644194599977411
121_18,-0.1425010891462993
121_16,-0.14776581921334142
121_13,-0.15821597195988824
121_19,-0.20438649875186463
114_16,-0.13082309815524432
114_19,-0.1253791133828184
120_1,-0.10957684363813573
120_0,-0.13826017616492972
120_7,-0.07891346292402891
123_3,-0.02291555370902051
120_5,-0.16347530943585153
120_3,-0.14755247462574975
120_11,-0.10368891022319056
120_18,-0.09561306157386187
120_12,-0.11007280621877197
123_2,-0.15051795477980284
120_14,-0.1911137979509476
120_2,-0.1462016739606305
120_4,-0.1802893722876969
120_8,-0.15384640761172388
123_8,-0.18682092748441578
123_9,-0.17017632148984432
120_13,-0.08565479307706945
123_1,-0.22996711893679075
123_0,-0.254895184772646
123_11,-0.17710576594777405
123_6,-0.22951337737626087
120_6,-0.06650267960364109
120_19,-0.16199777901936865
123_5,-0.15578414198617724
123_4,-0.18391271512028257
120_9,-0.12905347211073565
120_15,-0.11559524596545682
123_13,-0.21574008373492654
120_10,-0.16851940566598925
120_16,-0.1636206106596326
123_12,-0.1809615256559052
120_17,-0.14348179862494795
123_10,-0.17317453343062886
123_7,-0.23406449334288867
123_14,-0.1945317723608506
123_15,-0.244044054609351
123_18,-0.18876034714244505
123_16,-0.17105734043428816
123_17,-0.10029991534951097
123_19,-0.17552591563987063
125_5,-0.17495524870738105
125_2,-0.18437241705018365
125_4,-0.12977918081312098
125_1,-0.11992998471379997
125_3,-0.14599333655093383
125_9,-0.0943448148074926
125_6,-0.12157425949660065
125_0,-0.17017140975806222
125_10,-0.13358073172989912
125_7,-0.1271842542883161
125_13,-0.1838042377086343
125_8,-0.07971624133751262
125_12,-0.13766968178884098
125_11,-0.0963855494058201
125_17,-0.14318781595108024
125_14,-0.15401836208870187
125_15,-0.11346371219147516
125_16,-0.11465900921842773
125_18,-0.10752420566279472
125_19,-0.11779664549976612
122_0,-0.17893785248601665
122_14,-0.13248797691757908
124_7,-0.18913904576571047
124_1,-0.14430560178402949
122_2,-0.1915087645632498
124_3,-0.17452682894159385
124_9,-0.17596254995047697
124_6,-0.13695902120593756
122_1,-0.13945926400569733
124_8,-0.1684036181643937
124_12,-0.20375676691131264
122_6,-0.1773738469551363
124_19,-0.18033062606680622
122_15,-0.16121323141584099
124_16,-0.1679201060412161
124_15,-0.15257794755742363
122_9,-0.16355996457660113
124_2,-0.17371638177785445
124_4,-0.15875530348900213
124_11,-0.1932453940611382
122_3,-0.17811312223274026
124_18,-0.13789537864242435
122_4,-0.19551030380757645
127_1,-0.14976069941531717
122_8,-0.19755339845110972
124_13,-0.1214461734893263
122_10,-0.14495777595742734
127_0,-0.169388802775634
122_13,-0.17051218969885928
124_0,-0.13080351945105112
124_10,-0.1723982566594201
127_7,-0.08060809422799547
127_4,-0.008286917749417992
124_14,-0.2202187742284195
127_3,-0.21247201576186156
127_10,-0.005205033112431567
124_17,-0.15014516803348915
127_2,-0.11651231543848178
122_11,-0.21084101843423525
124_5,-0.1490351754849717
127_8,-0.07162772673050231
122_12,-0.18170911588252567
127_9,-0.18160354980548962
122_7,-0.1703655067970426
127_6,-0.08633607620724065
127_5,-0.16847744765462222
127_11,-0.1256710137101238
122_18,-0.12411715496580637
122_5,-0.14714167290075855
127_14,-0.03245018390606383
127_15,-0.1614950294392614
127_13,-0.10807117005402002
127_12,-0.09741542051273797
122_17,-0.22201178640859862
128_4,-0.14873646742156968
127_18,-0.13193065085073608
122_16,-0.17778638946979863
127_17,-0.11293355348182149
128_3,-0.06905885892513333
128_7,-0.10563751372534429
128_1,-0.1315520489907643
127_16,-0.055800041688162945
128_0,-0.17603814390258274
128_2,-0.20238531556367542
128_6,-0.21015316829431258
127_19,-0.2268312525119585
128_8,-0.09468386676586754
128_10,-0.11985706796333481
128_9,-0.05595618041180518
128_12,-0.17737384573779663
126_7,-0.21111080997419376
128_5,-0.20931532986538864
128_19,-0.08721494671257375
128_11,-0.16911236836928192
128_18,-0.08179244837377911
128_13,-0.12191816902085648
128_14,-0.13502835141039937
128_16,-0.23567589168809683
122_19,-0.2157398652574524
129_3,-0.15392728141275333
128_15,-0.0646529254883273
129_8,-0.22091500573177386
129_0,-0.14302491848709215
129_6,-0.16145888690828072
129_16,-0.03451348443924846
128_17,-0.17750533859365822
129_11,-0.2304184175910678
129_10,-0.2381727627301696
129_4,-0.0710378653017132
126_3,-0.11419337946993335
129_2,-0.09196539988027339
129_1,-0.28881342266342536
129_9,-0.18360088270025732
129_5,-0.05616431498499418
129_12,-0.14143918473814238
129_7,-0.23604582100555277
126_0,-0.1590008583053047
129_14,-0.0546129295636812
129_19,-0.06931748738125516
129_15,-0.06549526499430612
129_13,-0.13490086545322022
126_1,-0.25605437838824485
126_5,-0.20761168083615564
126_8,-0.1774502013231125
126_2,-0.15148931356471593
129_18,-0.21163210487568762
126_9,-0.133407818731996
129_17,-0.1035565666296842
131_1,-0.1315520489907643
131_0,-0.17603814390258274
126_4,-0.17966016758962647
130_4,-0.08731108571858273
126_6,-0.13696706779800996
131_6,-0.21015316829431258
131_2,-0.20238531556367542
130_14,-0.08843324555204557
130_10,-0.09320131892610933
131_7,-0.10563751372534429
131_8,-0.09468386676586754
131_3,-0.06905885892513333
130_0,-0.15518124504681832
131_4,-0.14873646742156968
130_7,-0.1556424990867968
131_5,-0.20931532986538864
132_0,-0.1680247102374938
131_12,-0.17737384573779663
130_9,-0.16053951860241922
130_5,-0.17238650661027755
131_15,-0.0646529254883273
131_11,-0.16911236836928192
130_13,-0.13724864948112203
131_18,-0.08179244837377911
131_16,-0.23567589168809683
132_3,-0.013607558801254417
131_14,-0.13502835141039937
132_1,-0.18521060971470382
131_9,-0.05595618041180518
131_10,-0.11985706796333481
130_1,-0.11433795630224174
131_13,-0.12191816902085648
131_19,-0.08721494671257375
130_3,-0.1621533147056736
130_6,-0.06945118342969271
130_2,-0.17179221040095305
130_12,-0.07418932591772123
131_17,-0.17750533859365822
132_4,0.017914081638891168
130_8,-0.1360705971980248
132_6,-0.12865143839592624
132_8,-0.15022003056426345
130_19,-0.16944801826598116
132_9,-0.12929227212031344
130_11,-0.15260366702998618
130_17,-0.2292438080496856
132_2,-0.20517330195706704
132_7,-0.10709725712778588
132_16,-0.044124707651293504
130_16,-0.046369740202916745
132_5,-0.01435405575499108
132_10,-0.1512270441349053
132_12,-0.16264390352339547
132_14,0.03895232208346303
132_11,-0.16986155743653705
130_15,-0.1581685668893542
126_11,-0.19254957324801275
132_17,-0.07836912962951285
132_15,-0.16462072223489613
126_16,-0.20211234117936674
132_13,-0.12306541590436398
126_14,-0.15985872393129866
130_18,-0.13971715785436295
132_19,-0.06134327469149596
132_18,-0.14573538851670412
126_10,-0.196951163043911
126_15,-0.19194304961862216
133_0,-0.09778665453574642
126_13,-0.17569743589072864
126_12,-0.17095205457179838
133_10,-0.12832454513574515
133_2,-0.1445413702791613
134_0,-0.17603814390258274
134_8,-0.09468386676586754
133_8,-0.14199784805628898
134_1,-0.1315520489907643
134_2,-0.20238531556367542
134_6,-0.21015316829431258
134_4,-0.14873646742156968
133_9,-0.12061513769553497
126_19,-0.17116245800097826
133_6,-0.12692029346037662
133_7,-0.19528349608466586
134_11,-0.16911236836928192
134_7,-0.10563751372534429
134_16,-0.23567589168809683
134_12,-0.17737384573779663
133_1,-0.1530863406289539
133_5,-0.15960433395034843
133_14,-0.161695481518793
126_17,-0.19336993349728548
134_3,-0.06905885892513333
134_9,-0.05595618041180518
133_3,-0.11223037766389314
126_18,-0.20658948525077464
134_5,-0.20931532986538864
133_11,-0.08637667817063957
133_4,-0.14970491316972712
134_15,-0.0646529254883273
134_18,-0.08179244837377911
134_17,-0.17750533859365822
134_10,-0.11985706796333481
134_19,-0.08721494671257375
135_9,-0.09901254566713308
135_0,-0.07127643065495105
135_3,-0.04725830058086014
134_14,-0.13502835141039937
135_6,-0.08926326740967476
133_12,-0.13082408002554935
133_13,-0.11173955747135268
135_2,-0.04397120907432731
134_13,-0.12191816902085648
135_4,-0.08543383073946333
135_5,-0.16340769444277936
135_7,-0.15862777776714587
133_18,-0.1067416774412985
133_16,-0.1641202207697256
135_1,-0.2214408273317751
133_17,-0.06452888635546364
133_19,-0.11262180175383546
135_13,-0.13763472105994518
135_14,-0.13090908947031188
133_15,-0.04982197247988983
136_0,-0.07965710555021728
136_6,-0.08120215383796259
136_5,0.0004652320562311412
135_16,-0.10646838809038989
136_3,-0.06646121037879923
135_11,-0.05629804937252056
135_8,-0.1952414855912345
135_10,-0.19692159998899708
136_1,-0.1435550541186354
136_2,-0.09786553076171094
136_4,-0.13492352986814946
136_7,-0.06653247378133108
136_10,-0.05858621407101801
135_12,-0.14012350067811416
135_19,-0.11211249229623872
135_17,-0.16412093105994166
135_15,-0.02615779673361333
136_11,-0.06049301697249124
135_18,-0.041885296706470544
136_8,-0.11224092450576298
136_14,-0.0877280560452622
136_9,-0.0981301303051767
136_18,-0.09655921163913754
136_12,0.001779616160533996
136_13,-0.10238054328756409
136_19,-0.005604832097771241
136_15,-0.12853872721436824
136_17,-0.1711563878027189
136_16,-0.10136698241946467
137_3,-0.07207340484649376
137_1,-0.11532980754223257
137_0,-0.08138804621738481
137_5,-0.10307894230405538
137_8,-0.07202542508477873
137_10,-0.0974623841108703
137_2,0.019455773020613656
137_7,-0.1750744627369689
137_11,-0.08318882459288175
137_13,-0.07366502867343629
137_6,-0.12881705443801
137_9,-0.09474829916537279
138_0,-0.12256094383396243
137_12,-0.11228390344297826
138_9,-0.0928478847762878
138_4,-0.09905955931017785
137_16,-0.09543922329035115
138_5,-0.09549820237959304
137_19,-0.12348824525391339
138_6,-0.08158934339130487
138_3,-0.09860842181043397
138_16,-0.08190540718111891
137_17,-0.14046072102172444
137_4,-0.12265301709825309
138_1,-0.10466395482650996
137_15,-0.08557346798773467
138_15,-0.028780945356185788
138_2,-0.08257830058091668
137_14,-0.07588926451784338
138_13,-0.08092605939767258
138_18,-0.061427944076440345
138_10,-0.06710261328758554
138_14,-0.16710551676819937
138_8,-0.13627932306116897
138_7,-0.081553901435986
138_17,-0.16912053015369422
138_12,-0.06715893398799089
139_0,-0.15686593323254042
137_18,0.017088560652121956
138_11,-0.09755486348430596
139_6,-0.11964731654376123
139_5,-0.10929806170637701
139_2,-0.11771897641458577
138_19,-0.11192980379930106
139_7,-0.0699619933270586
139_1,-0.07905717830059893
139_3,-0.024458972676368613
139_8,-0.12497466431301667
140_6,-0.0700405149738135
140_5,-0.16847744765462222
140_4,-0.008286917749417992
139_11,-0.04715257350908287
140_1,-0.14121211950675405
139_4,-0.06421194923596513
140_7,-0.08060809422799547
140_3,-0.1937062534619244
139_10,0.020121308627734025
140_13,-0.1408479726557322
140_10,-0.005205033112431567
139_9,-0.1311141311102109
140_9,-0.1613541583182929
140_0,-0.169388802775634
139_12,-0.09538490793533792
139_14,-0.11808511830618233
140_2,-0.15936189778036894
139_16,-0.09826552558775134
139_15,-0.17822239057529074
140_11,-0.13762735023042355
139_13,-0.06818716032485213
140_15,-0.15614327015462143
139_18,-0.12728306798523772
140_8,-0.0853699357591849
140_12,-0.09741542051273797
141_5,-0.14002326121170716
139_17,-0.03578923371475987
141_9,0.04747574215614923
141_10,-0.04738340238538053
140_18,-0.16480753166513837
141_0,-0.08698786419454013
139_19,-0.07127662639232668
140_14,-0.03245018390606383
141_4,-0.11056590521512659
140_17,-0.11293355348182149
141_6,-0.12265822356378728
141_11,-0.014517460732515246
141_3,-0.19193618581041547
140_16,-0.10205948378979895
140_19,-0.2268312525119585
141_2,-0.11643244608129236
141_14,-0.1223575536116637
141_8,-0.04976055652211354
141_1,-0.21263821048841283
141_12,-0.06840887536023375
141_16,-0.18424948356926177
141_15,-0.08652052504423631
141_7,-0.16295170551406563
141_13,-0.1327644588663867
141_19,-0.049883746451395
141_17,-0.16755875515954863
141_18,0.010787849655109163
144_2,-0.018424334729510463
144_0,-0.05943756032976134
144_1,-0.06963196345578931
143_4,-0.0620222625150525
144_4,-0.0511528445674263
143_1,-0.09941791915990221
144_3,0.004221806231604136
144_6,-0.04967436861549652
143_8,-0.12183250392880164
143_0,-0.14056199496293087
143_3,-0.13987078471487036
143_9,-0.10797501953104434
144_9,-0.022968158907470528
144_5,-0.0307977443972813
144_17,0.01769951095254702
144_12,-0.015108105793444284
144_7,-0.013841901713439436
144_13,-0.018933821482530512
143_2,-0.07790920355695806
144_8,-0.04815812013386765
145_2,-0.018424334729510463
144_15,-0.006396462492386718
144_16,-0.0019201072110045468
143_19,-0.0366298900454608
144_19,-0.07299122854236954
144_10,-0.008601917912715983
143_6,-0.09813284662337
143_7,-0.10567484394330366
143_11,-0.13697763621358644
143_10,-0.05691704693140185
143_16,-0.06050525351080154
145_0,-0.06277487120155564
144_11,-0.08406607089293242
144_14,0.05271847577320745
145_3,-0.02481889543882953
145_1,-0.06561865112683472
145_9,-0.053759245418900356
143_14,-0.1463892827642838
145_4,0.024275789508928825
144_18,-0.012937573555834182
143_15,-0.11679819562565612
143_13,-0.1587334731202666
145_7,-0.024099031403257146
143_12,-0.08611287303102406
145_6,-0.051883477980668995
142_3,-0.08945149810636586
145_12,-0.01723510423303052
145_17,0.01769951095254702
142_2,-0.12559283931956106
145_5,-0.059603600874928796
145_10,-0.055769375610518285
143_17,-0.12326713875313978
143_5,-0.1048955710756921
142_4,-0.03147856154108488
145_16,-0.01506113285203019
145_13,-0.013432391802687453
145_11,-0.041603633886829035
145_15,-0.006396462492386718
145_19,-0.07299122854236954
145_8,-0.058307318569151834
142_5,-0.07013104493044577
142_10,-0.07139139779604545
143_18,-0.11488413538818378
145_18,0.03733351233834458
142_11,-0.022822596269576192
142_1,-0.09745206330872537
142_13,-0.08651791134017679
142_17,-0.11404019859299495
145_14,0.03286378884789049
142_7,-0.1028720836761753
142_6,-0.1229112341176554
142_15,-0.10232408524598059
142_8,-0.14938855814453428
142_14,-0.08273465827177633
142_9,-0.13700484642013838
142_0,-0.14692121870620742
142_19,-0.06056524288737102
142_16,-0.07805131331621622
142_12,-0.135761335654679
142_18,-0.1259041870770769
148_1,-0.11734112996848774
148_0,0.01028246298354325
148_7,-0.09134646806114798
148_4,-0.17159195844275896
148_13,-0.08002046180337145
148_9,-0.023304428801578656
148_3,-0.15214180978738873
148_6,-0.2381112157563482
148_2,-0.1025376065745917
148_12,-0.10255714019333893
148_11,-0.09760104119277858
148_8,-0.07552136948940712
147_5,-0.09801215704717205
148_5,-0.11885533287446118
148_10,-0.07871967635525567
148_14,-0.020799590579487208
148_18,-0.14093529608645317
147_3,-0.055397019982179364
147_15,-0.06872240262918261
148_17,-0.054066371308428264
148_16,0.019025982280870022
147_12,-0.05319606492342353
148_15,-0.06508003469864504
147_10,-0.10001397554059233
147_11,-0.10766025633208313
147_18,-0.09265902715325529
147_16,-0.08155769835507412
147_13,-0.10811780254265085
147_2,-0.1338520001312205
147_6,-0.11331772312458786
147_7,-0.08077087336807139
148_19,-0.14827984587755025
147_8,-0.07711954015134538
147_4,-0.06867660055855052
147_14,-0.10885713808038638
150_0,-0.007812278309429946
147_17,-0.06392297835513129
147_0,-0.1350976265713289
150_3,-0.02129596948147216
147_19,-0.07942663379693406
150_2,-0.08815334442653233
150_7,-0.03696003016591252
149_0,-0.21871038860247727
147_9,-0.1514722514334068
149_4,-0.2915426664020856
150_9,-0.009109042323549072
149_9,-0.09625274156705947
150_1,-0.08138080373772211
149_6,-0.3078627695263995
150_5,-0.1157253494420545
150_4,-0.0784449573413997
149_1,-0.2069633498271509
149_2,-0.3037585343669301
150_8,0.05377833133058507
149_3,-0.03691183058303291
149_8,-0.12684354347741922
150_10,-0.08530676552256537
150_6,-0.12430132722006366
149_16,-0.07417293691424982
149_10,-0.062108488281175565
149_7,-0.18276928363775322
150_16,-0.009944434217175143
150_13,-0.01354756785382759
150_15,-0.07153185780358809
150_12,-0.04916541182205905
150_11,-0.04358249106289041
147_1,-0.08616947862730026
149_12,-0.11793055800908143
149_5,-0.17942670421968018
150_18,-0.05880303499605193
150_14,-0.06796557954597052
149_17,-0.2292011504642979
149_14,-0.17840083866982845
149_11,-0.2101838411137039
149_19,-0.10985179301500274
150_17,-0.04744619640620563
149_13,-0.12285799862899002
149_18,-0.2289836399685589
150_19,-0.00942170112032085
149_15,-0.18419250520536976
151_0,-0.23201738226136026
151_3,-0.16457945169112875
151_2,-0.14113958315833958
151_4,-0.20148089905427916
151_6,-0.13434022610999682
151_10,-0.031031403803889523
151_11,-0.14805889798663152
151_16,-0.14096584758603006
151_7,-0.16655056682534083
151_1,-0.18024010001595897
151_5,-0.1334255453967864
151_8,-0.2421295117231597
151_9,-0.2271890268896485
152_2,-0.017450464059449635
152_7,-0.08896608980800362
152_0,-0.15748756151357038
151_18,-0.07684781914770715
152_4,-0.059071329326851024
151_14,-0.13260303501821047
151_12,-0.06153116070558333
152_5,-0.06021079650310915
151_15,-0.11916855513223013
152_8,-0.03361471504153282
151_13,-0.09579276288033381
151_17,-0.13513638365603123
152_3,-0.04276527030297873
152_15,-0.07215535845126564
152_6,-0.18412656774668362
152_1,-0.05506092462707598
152_16,-0.07994456047710337
152_17,-0.031618246711317306
151_19,-0.193688289425154
152_13,-0.07730526365580287
152_18,-0.05991259767243837
152_9,-0.19037742438986485
152_11,-0.13337603934430692
152_12,-0.08858641521642803
152_14,-0.02137134561793246
152_10,-0.14027985969803344
152_19,-0.008155083119494696
154_12,-0.08191278425674839
154_0,-0.19563520712787358
154_7,-0.14045556070062312
154_4,-0.15858233170051564
154_5,-0.15208605315810206
154_6,-0.13505895186076283
154_8,-0.17178056375805092
154_14,-0.1594787144740579
154_1,-0.0598462748087218
154_3,-0.18496063388145828
154_11,-0.16674204400092793
154_2,-0.16696391860098547
154_13,-0.07622094316419753
153_2,-0.08463556382838103
154_9,-0.1495620569476124
153_8,-0.09719551396306952
154_10,-0.10206552216164937
153_4,-0.04853734286808093
153_1,-0.08998801862400882
153_16,-0.10551988372163056
153_19,-0.03304903296250719
153_17,-0.07779942532436969
153_6,-0.11053926902910546
153_10,-0.10262788958647856
154_15,-0.11424358657643859
153_3,-0.1004406202816834
153_11,-0.053929527675257896
146_12,-0.1452484851299392
146_18,-0.14435153088211009
153_5,-0.11486392407630484
153_14,-0.059281230360475584
153_12,-0.12452244632455618
153_18,-0.08978984216444083
153_15,-0.06987402950503091
153_13,-0.0849826099849514
146_14,-0.20685108469228203
146_6,-0.20264412007169957
154_16,-0.09331337207829286
146_4,-0.18342612933380384
146_5,-0.18095322162933078
153_9,-0.05701165909746389
153_7,-0.04928263330255807
153_0,-0.09614822443599812
146_8,-0.19784888042351126
154_18,-0.11354227242458939
154_17,-0.16335258217418
146_10,-0.20701016914033268
146_11,-0.18397690573132383
146_17,-0.15612123318439425
146_15,-0.17081034581635657
146_2,-0.15293996986738767
154_19,-0.14838316710586005
146_0,-0.18873696578486576
157_2,-0.1592814707343976
157_4,-0.15108289755685395
146_13,-0.16399096409792258
157_3,-0.1604562241995184
146_19,-0.17269122817083185
157_0,-0.18938610865503422
157_1,-0.15212457367597657
157_6,-0.11103792346578573
146_1,-0.14539052189408774
146_16,-0.20493893436828572
146_3,-0.1896641456313182
157_5,-0.16405712175478565
146_7,-0.13098884146143752
157_7,-0.12840464250984684
157_10,-0.09974297855215976
157_8,-0.2371572659490365
157_9,-0.1909558822036834
157_16,-0.14450396122486525
157_14,-0.03972168858188485
155_4,-0.1910703564256053
157_12,-0.07126336749226746
157_17,-0.12566195602723068
157_15,-0.13536790779130123
157_11,-0.13570014957236237
157_13,-0.13522157766135823
157_18,-0.11245104163499527
146_9,-0.1737797029737356
155_8,-0.19288852308360077
157_19,-0.20768096999591862
155_3,-0.2021767174112325
158_2,-0.06053463117881708
158_0,-0.04765397861929442
158_4,-0.07360616649859494
158_3,-0.057162418210959305
155_1,-0.1431118403146869
158_1,-0.07187649498403133
155_10,-0.23954159502899375
155_19,-0.21913685936991273
158_12,-0.04161879625715199
156_3,-0.16499438141463965
158_10,-0.13940574590476137
158_8,-0.06526595956583085
158_6,-0.08373386371200114
155_11,-0.18372007692372294
158_14,-0.03344229204800714
155_5,-0.1564425706048717
158_9,-0.06677905908268504
155_2,-0.20881911843715253
155_0,-0.16041843399616476
158_15,-0.08491858477854562
155_6,-0.1486140077741245
158_7,-0.10690243842520544
155_7,-0.1549159415987098
155_12,-0.1536981172536241
156_5,-0.19005616309330609
158_13,-0.08949439874509649
158_17,-0.04546498198403769
155_13,-0.11644565156009681
156_14,-0.17659482137313123
158_11,-0.0697379551709884
158_5,-0.09630998414963537
158_19,-0.033834966875046626
155_9,-0.194800880090937
158_16,-0.09210647472493967
156_15,-0.15640769818142125
156_2,-0.1616768046314594
155_14,-0.2107742900511798
155_15,-0.19120590508122573
158_18,-0.06418158419844647
156_0,-0.10988769266221472
156_7,-0.1440990355151675
156_10,-0.16342149078141668
156_6,-0.06875080577639778
155_17,-0.1895941393273136
159_9,-0.1055300105337013
155_18,-0.14958219877263404
156_4,-0.13520429779238938
155_16,-0.20368616891392666
156_1,-0.14163065748406262
156_9,-0.1429983465087702
159_6,-0.15098943476926172
159_1,-0.12014379091398157
159_8,-0.07387408410272074
159_0,-0.1292857358885889
156_12,-0.13265051604283132
159_11,-0.10974863367218021
156_11,-0.13059711387156886
159_5,-0.12320550833160135
156_8,-0.1291396695141127
159_10,-0.1142451095149777
159_2,-0.06273533970255206
159_13,-0.06995484174365695
159_4,-0.11503400079412122
159_12,-0.09879129004973836
159_19,-0.11968555327744994
159_15,-0.057631065661319834
156_17,-0.10975910587020533
156_18,-0.16924561495714555
159_3,-0.13405126321604746
159_14,-0.11471345001627073
159_7,-0.07488263542788057
156_16,-0.11631081441773172
159_17,-0.11031634648307792
159_16,-0.08025948328153806
156_13,-0.1618668267652161
156_19,-0.11256477646864171
159_18,-0.10164889472104703
160_4,-0.11925514994253475
160_13,-0.19323890109266523
160_3,-0.1508222295379991
160_2,-0.14614371579362637
160_7,-0.1667871518401757
160_5,-0.2684714174173906
160_18,-0.14275993415656868
160_1,-0.074180649503814
160_15,-0.2209126861670796
160_12,-0.21062125160391262
160_0,-0.20357277485307082
160_6,-0.18207732587837264
160_11,-0.13484401790189707
160_10,-0.1787173832073178
160_14,-0.19901513746059424
160_8,-0.14365490342271048
160_19,-0.21913859162696753
162_5,-0.05023950363764248
160_16,-0.1052416155666851
160_9,-0.12430125211178895
162_1,-0.09408554891942768
162_7,-0.0787614770324095
160_17,-0.1712431935996806
162_11,-0.08964540900684925
162_10,-0.08511650126829298
162_6,-0.10855383364963588
162_2,-0.08139951820023288
162_3,-0.057904447573821204
162_0,-0.08574053921741666
162_4,-0.08955746098718943
162_13,-0.04332873952039083
162_15,-0.10296006194143263
162_12,-0.05213083055009488
162_18,-0.033074804750986994
162_19,-0.11459605340885372
162_14,-0.11262672471323006
162_8,-0.050940312796186674
162_9,-0.0818655190849531
162_16,-0.08928921826438838
163_4,-0.1769273050829369
163_0,-0.24975061902435297
161_6,-0.16373598364399752
163_3,-0.19165389050924272
163_5,-0.09712154540997013
162_17,-0.08128025701918577
164_4,-0.08804664908208701
164_8,-0.05134012748689807
163_11,-0.18186978599731013
164_5,-0.05384972629260821
164_7,-0.06682322155151744
163_1,-0.0828681575297031
163_9,-0.13123017705202264
164_0,-0.0632557630743725
161_10,-0.14902977990251387
163_7,-0.12521367565977673
163_2,-0.14476081266792712
163_8,-0.15898754402135917
163_6,-0.20612451919283334
164_2,-0.08678183764283325
164_6,-0.041372737238695015
163_14,-0.19111569574382392
164_1,-0.10063153802046539
161_7,-0.12048915297832138
164_12,-0.04397898261643814
163_15,-0.032767779487484675
164_9,-0.12754568349988518
163_19,-0.18460602736718218
164_13,-0.07593758961060937
163_13,-0.11583715131670966
163_17,-0.08707531586674636
164_10,-0.03732788157596202
164_3,0.027158865009609845
163_10,-0.1898004902813201
164_11,-0.05191941049172396
163_12,-0.13613770963660435
161_18,-0.17339114442826348
161_13,-0.15200164422357845
161_2,-0.08822047310800082
161_4,-0.09340923422522522
161_14,-0.1426046089244082
166_1,-0.02767789980015087
163_18,-0.21116582810234044
166_0,-0.027473725591371644
166_3,0.0013334467517023413
165_7,-0.07303331488906704
166_2,-0.010981983614877112
164_14,-0.10151299582205942
161_11,-0.11762202336982296
165_1,-0.16918149842261007
161_15,-0.12133950634918715
163_16,-0.20979271338722053
165_0,-0.17944360431219758
166_6,0.016735996883676604
166_7,-0.03303846153846153
164_17,-0.08762851268081058
165_10,-0.03413838857287752
165_8,-0.12051006638106569
164_15,-0.04426419320302958
166_5,-0.048974358974358985
166_9,-0.015499999999999998
164_16,-0.0381238336335532
166_10,-0.01500853242320819
166_4,0.0073090033085777655
166_12,-0.016019729948797027
166_13,0.0
161_19,-0.13841430535573174
166_8,-0.004357466063348417
165_4,0.04041002795225235
165_3,-0.17985124166350608
165_11,-0.13158073252871008
161_9,-0.1732874808533082
161_0,-0.1649475642370857
161_1,-0.161718433246824
165_9,-0.1447386188437516
165_2,-0.18388660356192582
161_3,-0.17261959853174716
165_16,-0.10741067159958909
166_15,-0.00961764705882353
164_19,-0.10655231948772946
166_11,-0.004412851298972367
165_17,-0.13696631847713936
166_16,0.013897981534254596
165_13,-0.18039223067511112
165_6,-0.17273976340077302
165_14,-0.13655168767068337
165_5,-0.15978331775854032
161_8,-0.0922164029657697
165_12,-0.1115607576322278
166_14,-0.024322282557114883
161_5,-0.20937907595583566
161_12,-0.18894849561112925
166_17,-0.012058629274176854
165_18,-0.13667057841679994
165_15,-0.1420218600737931
164_18,-0.11559861549428613
165_19,-0.18847199200046827
161_17,-0.17162144789787742
166_19,0.03518614216594252
166_18,0.00015327150035606048
167_0,-0.023404477764819163
167_6,-0.017573825503355702
167_3,-0.016116368684295522
167_1,-0.06739430789537464
167_4,-0.03599620006705238
167_2,-0.06312640016109589
167_5,-0.012606795378423375
167_8,0.00145398665261679
167_12,0.0016025641025641025
167_7,0.007642533936651584
167_9,-0.000731314867587927
167_11,-0.022618783716286804
167_13,-0.014155742938138451
167_16,0.007831769780605315
167_14,-0.02646207523072921
161_16,-0.2042546141659784
167_15,-0.03451313605768761
167_10,-0.013853512010374805
167_17,-0.013720391139059712
167_18,-0.009666666666666662
167_19,-0.017926174496644295
168_0,-0.022383130667728863
168_4,-0.03599620006705238
168_3,-0.016116368684295522
168_6,-0.017573825503355702
168_5,-0.01279421686113141
168_8,0.00145398665261679
168_2,-0.06312640016109589
168_1,-0.06386866686973362
168_9,-0.000731314867587927
168_7,0.007642533936651584
168_12,0.0016025641025641025
168_11,0.012140068961234445
168_14,-0.02646207523072921
168_16,0.007831769780605315
168_13,-0.019140480004206945
168_15,-0.03451313605768761
168_10,-0.05316120431806711
168_17,-0.04851282051282051
168_18,-0.009666666666666662
168_19,-0.017926174496644295
169_2,-0.08766995345806913
169_0,-0.03979464442435431
169_6,-0.10966640400681239
169_12,-0.08124014871054529
169_3,-0.0710687529590644
169_14,-0.06906435113595966
169_15,-0.08177433462964724
169_10,-0.10743678789863587
169_17,-0.07804424190502736
169_9,-0.09869399510051206
169_1,-0.07758992222931468
171_0,-0.15200343309830516
169_8,-0.07580675600335829
169_18,-0.10466370746015949
171_6,-0.07822877614139928
171_4,-0.17559448074058723
169_5,-0.08003837635642183
171_1,-0.17900088611052473
169_4,-0.07796474680275002
171_7,-0.1787155318538235
169_7,-0.09292545451512231
169_13,-0.07315405911031662
171_2,-0.14806796772849073
171_10,-0.09088589506660988
171_13,-0.13934165841853377
171_5,-0.1231842234613774
171_12,-0.1025773665356168
171_3,-0.13669433028369934
171_8,-0.13503742747837644
171_11,-0.1318988216342599
169_16,-0.11368548344778501
171_14,-0.16472328083895618
171_9,-0.12589690176656582
169_11,-0.0869875887954071
171_15,-0.09124461777414958
169_19,-0.08896659529909239
171_16,-0.15841929079279155
171_18,-0.21150901322897034
171_17,-0.19103152417424515
171_19,-0.15043965778352747
170_9,-0.10142833836897416
170_15,-0.1005125933604411
170_0,-0.1356372426782034
170_3,-0.12175322373269433
170_5,-0.136430435939239
170_1,-0.15434505342334426
170_7,-0.1251991051449241
170_19,-0.15517734638007005
170_11,-0.1472630512953624
170_8,-0.1718817865309883
170_4,-0.1519020220907216
170_18,-0.11686895784174695
170_6,-0.143021861691349
170_12,-0.12524952640469278
170_2,-0.13387463947103057
170_16,-0.13491023206057284
170_10,-0.1480035126769541
170_14,-0.13317427910694285
170_13,-0.1716317101546098
170_17,-0.13568704981255728
